[{"model": "contenttypes.contenttype", "pk": 1, "fields": {"app_label": "admin", "model": "logentry"}}, {"model": "contenttypes.contenttype", "pk": 2, "fields": {"app_label": "auth", "model": "permission"}}, {"model": "contenttypes.contenttype", "pk": 3, "fields": {"app_label": "auth", "model": "group"}}, {"model": "contenttypes.contenttype", "pk": 4, "fields": {"app_label": "auth", "model": "user"}}, {"model": "contenttypes.contenttype", "pk": 5, "fields": {"app_label": "contenttypes", "model": "contenttype"}}, {"model": "contenttypes.contenttype", "pk": 6, "fields": {"app_label": "sessions", "model": "session"}}, {"model": "contenttypes.contenttype", "pk": 7, "fields": {"app_label": "blog", "model": "blog"}}, {"model": "contenttypes.contenttype", "pk": 8, "fields": {"app_label": "blog", "model": "blogtype"}}, {"model": "contenttypes.contenttype", "pk": 9, "fields": {"app_label": "blog", "model": "readnum"}}, {"model": "contenttypes.contenttype", "pk": 10, "fields": {"app_label": "read_statistics", "model": "readnum"}}, {"model": "contenttypes.contenttype", "pk": 11, "fields": {"app_label": "read_statistics", "model": "readdetail"}}, {"model": "contenttypes.contenttype", "pk": 12, "fields": {"app_label": "comment", "model": "comment"}}, {"model": "contenttypes.contenttype", "pk": 13, "fields": {"app_label": "likes", "model": "likecount"}}, {"model": "contenttypes.contenttype", "pk": 14, "fields": {"app_label": "likes", "model": "likerecord"}}, {"model": "contenttypes.contenttype", "pk": 15, "fields": {"app_label": "captcha", "model": "captchastore"}}, {"model": "contenttypes.contenttype", "pk": 16, "fields": {"app_label": "user", "model": "profile"}}, {"model": "contenttypes.contenttype", "pk": 17, "fields": {"app_label": "user", "model": "userconfig"}}, {"model": "sessions.session", "pk": "04oq9uqcf67lhhh7egks8r56i08tibv3", "fields": {"session_data": "OGZiNmE2NWUyZDM2MWFiZjUxMTQ3MDc1ZWQ1OGE4ZmU4YWQzYzJmZDp7Il9hdXRoX3VzZXJfaWQiOiIxIiwiX2F1dGhfdXNlcl9iYWNrZW5kIjoiZGphbmdvLmNvbnRyaWIuYXV0aC5iYWNrZW5kcy5Nb2RlbEJhY2tlbmQiLCJfYXV0aF91c2VyX2hhc2giOiJhN2M2YTdlMTNjOWJmZWVjNzBlNTY5NjI2YWRjMTM2OTE0MjQ5MjMxIn0=", "expire_date": "2019-12-06T10:59:05.128"}}, {"model": "sessions.session", "pk": "0tbzydt8h5d1b4xf7q2o30nfc7jsgcwi", "fields": {"session_data": "MzEyYjU4NWQ0MTJhZDMzZjM0NzBhZDQ2ZjBiOWExZTE1Yjg3ZmIxYzp7Il9hdXRoX3VzZXJfaWQiOiIxIiwiX2F1dGhfdXNlcl9iYWNrZW5kIjoiZGphbmdvLmNvbnRyaWIuYXV0aC5iYWNrZW5kcy5Nb2RlbEJhY2tlbmQiLCJfYXV0aF91c2VyX2hhc2giOiIwZDc5NjExMDNmNmM5NDAzOTM2OTU4OWVkNzc0NDgyZThmZjkwNjgxIn0=", "expire_date": "2019-11-04T06:36:28.325"}}, {"model": "sessions.session", "pk": "1v3wvr0ifl5b1deeyki3hxjy2kosxabc", "fields": {"session_data": "MzEyYjU4NWQ0MTJhZDMzZjM0NzBhZDQ2ZjBiOWExZTE1Yjg3ZmIxYzp7Il9hdXRoX3VzZXJfaWQiOiIxIiwiX2F1dGhfdXNlcl9iYWNrZW5kIjoiZGphbmdvLmNvbnRyaWIuYXV0aC5iYWNrZW5kcy5Nb2RlbEJhY2tlbmQiLCJfYXV0aF91c2VyX2hhc2giOiIwZDc5NjExMDNmNmM5NDAzOTM2OTU4OWVkNzc0NDgyZThmZjkwNjgxIn0=", "expire_date": "2019-11-03T12:11:41.775"}}, {"model": "sessions.session", "pk": "1zc5zbohgj85o7ybo0l0qq9oyd7l3n83", "fields": {"session_data": "MzEyYjU4NWQ0MTJhZDMzZjM0NzBhZDQ2ZjBiOWExZTE1Yjg3ZmIxYzp7Il9hdXRoX3VzZXJfaWQiOiIxIiwiX2F1dGhfdXNlcl9iYWNrZW5kIjoiZGphbmdvLmNvbnRyaWIuYXV0aC5iYWNrZW5kcy5Nb2RlbEJhY2tlbmQiLCJfYXV0aF91c2VyX2hhc2giOiIwZDc5NjExMDNmNmM5NDAzOTM2OTU4OWVkNzc0NDgyZThmZjkwNjgxIn0=", "expire_date": "2019-11-13T10:19:10.113"}}, {"model": "sessions.session", "pk": "2m41uk7931mjp3qtonrbp7vawt5zaft3", "fields": {"session_data": "MzEyYjU4NWQ0MTJhZDMzZjM0NzBhZDQ2ZjBiOWExZTE1Yjg3ZmIxYzp7Il9hdXRoX3VzZXJfaWQiOiIxIiwiX2F1dGhfdXNlcl9iYWNrZW5kIjoiZGphbmdvLmNvbnRyaWIuYXV0aC5iYWNrZW5kcy5Nb2RlbEJhY2tlbmQiLCJfYXV0aF91c2VyX2hhc2giOiIwZDc5NjExMDNmNmM5NDAzOTM2OTU4OWVkNzc0NDgyZThmZjkwNjgxIn0=", "expire_date": "2019-11-02T08:41:20.263"}}, {"model": "sessions.session", "pk": "30sbdiod0ovpt5fp9a5qj02vms9f202m", "fields": {"session_data": "MzEyYjU4NWQ0MTJhZDMzZjM0NzBhZDQ2ZjBiOWExZTE1Yjg3ZmIxYzp7Il9hdXRoX3VzZXJfaWQiOiIxIiwiX2F1dGhfdXNlcl9iYWNrZW5kIjoiZGphbmdvLmNvbnRyaWIuYXV0aC5iYWNrZW5kcy5Nb2RlbEJhY2tlbmQiLCJfYXV0aF91c2VyX2hhc2giOiIwZDc5NjExMDNmNmM5NDAzOTM2OTU4OWVkNzc0NDgyZThmZjkwNjgxIn0=", "expire_date": "2019-11-03T11:44:33.427"}}, {"model": "sessions.session", "pk": "3exa85iqkzx2w3xpg3o0jjka72mrrycs", "fields": {"session_data": "MzEyYjU4NWQ0MTJhZDMzZjM0NzBhZDQ2ZjBiOWExZTE1Yjg3ZmIxYzp7Il9hdXRoX3VzZXJfaWQiOiIxIiwiX2F1dGhfdXNlcl9iYWNrZW5kIjoiZGphbmdvLmNvbnRyaWIuYXV0aC5iYWNrZW5kcy5Nb2RlbEJhY2tlbmQiLCJfYXV0aF91c2VyX2hhc2giOiIwZDc5NjExMDNmNmM5NDAzOTM2OTU4OWVkNzc0NDgyZThmZjkwNjgxIn0=", "expire_date": "2019-11-06T11:58:33.957"}}, {"model": "sessions.session", "pk": "3f14hbhj7f6gfdepp9p270uuj9acqlam", "fields": {"session_data": "MzEyYjU4NWQ0MTJhZDMzZjM0NzBhZDQ2ZjBiOWExZTE1Yjg3ZmIxYzp7Il9hdXRoX3VzZXJfaWQiOiIxIiwiX2F1dGhfdXNlcl9iYWNrZW5kIjoiZGphbmdvLmNvbnRyaWIuYXV0aC5iYWNrZW5kcy5Nb2RlbEJhY2tlbmQiLCJfYXV0aF91c2VyX2hhc2giOiIwZDc5NjExMDNmNmM5NDAzOTM2OTU4OWVkNzc0NDgyZThmZjkwNjgxIn0=", "expire_date": "2019-11-18T20:46:12.980"}}, {"model": "sessions.session", "pk": "4cre0mte247e6sca4tba5dh048on0qio", "fields": {"session_data": "OTJhYmM1MzU3MDMyODQxNTQ2OTNmMTQ5NDk0YjVjNTNlYmJkZjJkYjp7fQ==", "expire_date": "2019-11-02T12:25:08.186"}}, {"model": "sessions.session", "pk": "4tdv22u9ul451qderq3xjqldr04ndjln", "fields": {"session_data": "MzEyYjU4NWQ0MTJhZDMzZjM0NzBhZDQ2ZjBiOWExZTE1Yjg3ZmIxYzp7Il9hdXRoX3VzZXJfaWQiOiIxIiwiX2F1dGhfdXNlcl9iYWNrZW5kIjoiZGphbmdvLmNvbnRyaWIuYXV0aC5iYWNrZW5kcy5Nb2RlbEJhY2tlbmQiLCJfYXV0aF91c2VyX2hhc2giOiIwZDc5NjExMDNmNmM5NDAzOTM2OTU4OWVkNzc0NDgyZThmZjkwNjgxIn0=", "expire_date": "2019-12-02T17:02:58.608"}}, {"model": "sessions.session", "pk": "6bv9e73tpuf9b8ugpzcdiwlic164gbfh", "fields": {"session_data": "MzEyYjU4NWQ0MTJhZDMzZjM0NzBhZDQ2ZjBiOWExZTE1Yjg3ZmIxYzp7Il9hdXRoX3VzZXJfaWQiOiIxIiwiX2F1dGhfdXNlcl9iYWNrZW5kIjoiZGphbmdvLmNvbnRyaWIuYXV0aC5iYWNrZW5kcy5Nb2RlbEJhY2tlbmQiLCJfYXV0aF91c2VyX2hhc2giOiIwZDc5NjExMDNmNmM5NDAzOTM2OTU4OWVkNzc0NDgyZThmZjkwNjgxIn0=", "expire_date": "2019-11-27T18:40:23.326"}}, {"model": "sessions.session", "pk": "6s8pcsdr3v2g7j6eovql8sx9z30cycqj", "fields": {"session_data": "MzEyYjU4NWQ0MTJhZDMzZjM0NzBhZDQ2ZjBiOWExZTE1Yjg3ZmIxYzp7Il9hdXRoX3VzZXJfaWQiOiIxIiwiX2F1dGhfdXNlcl9iYWNrZW5kIjoiZGphbmdvLmNvbnRyaWIuYXV0aC5iYWNrZW5kcy5Nb2RlbEJhY2tlbmQiLCJfYXV0aF91c2VyX2hhc2giOiIwZDc5NjExMDNmNmM5NDAzOTM2OTU4OWVkNzc0NDgyZThmZjkwNjgxIn0=", "expire_date": "2019-11-09T16:30:15.798"}}, {"model": "sessions.session", "pk": "76d4mgmooe6htznpn81p7p1c9oligwmu", "fields": {"session_data": "MzEyYjU4NWQ0MTJhZDMzZjM0NzBhZDQ2ZjBiOWExZTE1Yjg3ZmIxYzp7Il9hdXRoX3VzZXJfaWQiOiIxIiwiX2F1dGhfdXNlcl9iYWNrZW5kIjoiZGphbmdvLmNvbnRyaWIuYXV0aC5iYWNrZW5kcy5Nb2RlbEJhY2tlbmQiLCJfYXV0aF91c2VyX2hhc2giOiIwZDc5NjExMDNmNmM5NDAzOTM2OTU4OWVkNzc0NDgyZThmZjkwNjgxIn0=", "expire_date": "2019-11-04T02:54:24.254"}}, {"model": "sessions.session", "pk": "7bq46jrtbciqdt663s7i34ez29ew9az9", "fields": {"session_data": "MzEyYjU4NWQ0MTJhZDMzZjM0NzBhZDQ2ZjBiOWExZTE1Yjg3ZmIxYzp7Il9hdXRoX3VzZXJfaWQiOiIxIiwiX2F1dGhfdXNlcl9iYWNrZW5kIjoiZGphbmdvLmNvbnRyaWIuYXV0aC5iYWNrZW5kcy5Nb2RlbEJhY2tlbmQiLCJfYXV0aF91c2VyX2hhc2giOiIwZDc5NjExMDNmNmM5NDAzOTM2OTU4OWVkNzc0NDgyZThmZjkwNjgxIn0=", "expire_date": "2019-11-29T10:57:37.192"}}, {"model": "sessions.session", "pk": "7t4bhl7zfy4hjxosc2n27r7yglcuoba1", "fields": {"session_data": "OGZiNmE2NWUyZDM2MWFiZjUxMTQ3MDc1ZWQ1OGE4ZmU4YWQzYzJmZDp7Il9hdXRoX3VzZXJfaWQiOiIxIiwiX2F1dGhfdXNlcl9iYWNrZW5kIjoiZGphbmdvLmNvbnRyaWIuYXV0aC5iYWNrZW5kcy5Nb2RlbEJhY2tlbmQiLCJfYXV0aF91c2VyX2hhc2giOiJhN2M2YTdlMTNjOWJmZWVjNzBlNTY5NjI2YWRjMTM2OTE0MjQ5MjMxIn0=", "expire_date": "2019-12-04T15:46:05.865"}}, {"model": "sessions.session", "pk": "83x7yl4456zv769dslx9ddbom6pcbib8", "fields": {"session_data": "MzEyYjU4NWQ0MTJhZDMzZjM0NzBhZDQ2ZjBiOWExZTE1Yjg3ZmIxYzp7Il9hdXRoX3VzZXJfaWQiOiIxIiwiX2F1dGhfdXNlcl9iYWNrZW5kIjoiZGphbmdvLmNvbnRyaWIuYXV0aC5iYWNrZW5kcy5Nb2RlbEJhY2tlbmQiLCJfYXV0aF91c2VyX2hhc2giOiIwZDc5NjExMDNmNmM5NDAzOTM2OTU4OWVkNzc0NDgyZThmZjkwNjgxIn0=", "expire_date": "2019-11-06T11:53:09.237"}}, {"model": "sessions.session", "pk": "84aq9sx5413b2jhpwk8xcegz5ugd3ezz", "fields": {"session_data": "MzEyYjU4NWQ0MTJhZDMzZjM0NzBhZDQ2ZjBiOWExZTE1Yjg3ZmIxYzp7Il9hdXRoX3VzZXJfaWQiOiIxIiwiX2F1dGhfdXNlcl9iYWNrZW5kIjoiZGphbmdvLmNvbnRyaWIuYXV0aC5iYWNrZW5kcy5Nb2RlbEJhY2tlbmQiLCJfYXV0aF91c2VyX2hhc2giOiIwZDc5NjExMDNmNmM5NDAzOTM2OTU4OWVkNzc0NDgyZThmZjkwNjgxIn0=", "expire_date": "2019-11-05T17:26:37.333"}}, {"model": "sessions.session", "pk": "893p7ripds8o5cghd4yqgxos8bm0uiqa", "fields": {"session_data": "MzEyYjU4NWQ0MTJhZDMzZjM0NzBhZDQ2ZjBiOWExZTE1Yjg3ZmIxYzp7Il9hdXRoX3VzZXJfaWQiOiIxIiwiX2F1dGhfdXNlcl9iYWNrZW5kIjoiZGphbmdvLmNvbnRyaWIuYXV0aC5iYWNrZW5kcy5Nb2RlbEJhY2tlbmQiLCJfYXV0aF91c2VyX2hhc2giOiIwZDc5NjExMDNmNmM5NDAzOTM2OTU4OWVkNzc0NDgyZThmZjkwNjgxIn0=", "expire_date": "2019-11-04T02:49:42.353"}}, {"model": "sessions.session", "pk": "8s2wf8yzp6kew9ku63w10ibo92iznp7t", "fields": {"session_data": "OGZiNmE2NWUyZDM2MWFiZjUxMTQ3MDc1ZWQ1OGE4ZmU4YWQzYzJmZDp7Il9hdXRoX3VzZXJfaWQiOiIxIiwiX2F1dGhfdXNlcl9iYWNrZW5kIjoiZGphbmdvLmNvbnRyaWIuYXV0aC5iYWNrZW5kcy5Nb2RlbEJhY2tlbmQiLCJfYXV0aF91c2VyX2hhc2giOiJhN2M2YTdlMTNjOWJmZWVjNzBlNTY5NjI2YWRjMTM2OTE0MjQ5MjMxIn0=", "expire_date": "2019-12-06T11:05:44.375"}}, {"model": "sessions.session", "pk": "8t4wrcpfa24r7u3ni4j8otpum2erw6bc", "fields": {"session_data": "MzEyYjU4NWQ0MTJhZDMzZjM0NzBhZDQ2ZjBiOWExZTE1Yjg3ZmIxYzp7Il9hdXRoX3VzZXJfaWQiOiIxIiwiX2F1dGhfdXNlcl9iYWNrZW5kIjoiZGphbmdvLmNvbnRyaWIuYXV0aC5iYWNrZW5kcy5Nb2RlbEJhY2tlbmQiLCJfYXV0aF91c2VyX2hhc2giOiIwZDc5NjExMDNmNmM5NDAzOTM2OTU4OWVkNzc0NDgyZThmZjkwNjgxIn0=", "expire_date": "2019-11-04T07:04:37.729"}}, {"model": "sessions.session", "pk": "8xwf46us2m62jxkf48h8eu696s95qpvq", "fields": {"session_data": "MzEyYjU4NWQ0MTJhZDMzZjM0NzBhZDQ2ZjBiOWExZTE1Yjg3ZmIxYzp7Il9hdXRoX3VzZXJfaWQiOiIxIiwiX2F1dGhfdXNlcl9iYWNrZW5kIjoiZGphbmdvLmNvbnRyaWIuYXV0aC5iYWNrZW5kcy5Nb2RlbEJhY2tlbmQiLCJfYXV0aF91c2VyX2hhc2giOiIwZDc5NjExMDNmNmM5NDAzOTM2OTU4OWVkNzc0NDgyZThmZjkwNjgxIn0=", "expire_date": "2019-11-12T19:21:47.786"}}, {"model": "sessions.session", "pk": "98dm1n7c1a1ns8cqu11asw2ktoctsvxj", "fields": {"session_data": "MzEyYjU4NWQ0MTJhZDMzZjM0NzBhZDQ2ZjBiOWExZTE1Yjg3ZmIxYzp7Il9hdXRoX3VzZXJfaWQiOiIxIiwiX2F1dGhfdXNlcl9iYWNrZW5kIjoiZGphbmdvLmNvbnRyaWIuYXV0aC5iYWNrZW5kcy5Nb2RlbEJhY2tlbmQiLCJfYXV0aF91c2VyX2hhc2giOiIwZDc5NjExMDNmNmM5NDAzOTM2OTU4OWVkNzc0NDgyZThmZjkwNjgxIn0=", "expire_date": "2019-11-23T13:43:49.919"}}, {"model": "sessions.session", "pk": "9ctvo8ktck2rcxgnt297pi45qt257f9w", "fields": {"session_data": "MzEyYjU4NWQ0MTJhZDMzZjM0NzBhZDQ2ZjBiOWExZTE1Yjg3ZmIxYzp7Il9hdXRoX3VzZXJfaWQiOiIxIiwiX2F1dGhfdXNlcl9iYWNrZW5kIjoiZGphbmdvLmNvbnRyaWIuYXV0aC5iYWNrZW5kcy5Nb2RlbEJhY2tlbmQiLCJfYXV0aF91c2VyX2hhc2giOiIwZDc5NjExMDNmNmM5NDAzOTM2OTU4OWVkNzc0NDgyZThmZjkwNjgxIn0=", "expire_date": "2019-10-14T03:59:21.056"}}, {"model": "sessions.session", "pk": "9qjfux599c0x6cotb8btmrj3mqo147mi", "fields": {"session_data": "OTJhYmM1MzU3MDMyODQxNTQ2OTNmMTQ5NDk0YjVjNTNlYmJkZjJkYjp7fQ==", "expire_date": "2019-11-02T12:23:08.346"}}, {"model": "sessions.session", "pk": "aecqn4wjcphqe2x6r3d1vcnl9diw0iy5", "fields": {"session_data": "MzEyYjU4NWQ0MTJhZDMzZjM0NzBhZDQ2ZjBiOWExZTE1Yjg3ZmIxYzp7Il9hdXRoX3VzZXJfaWQiOiIxIiwiX2F1dGhfdXNlcl9iYWNrZW5kIjoiZGphbmdvLmNvbnRyaWIuYXV0aC5iYWNrZW5kcy5Nb2RlbEJhY2tlbmQiLCJfYXV0aF91c2VyX2hhc2giOiIwZDc5NjExMDNmNmM5NDAzOTM2OTU4OWVkNzc0NDgyZThmZjkwNjgxIn0=", "expire_date": "2019-11-12T19:41:39.069"}}, {"model": "sessions.session", "pk": "ah4d8x6ck10u6u8xxiiuo7vv7tce2mzu", "fields": {"session_data": "MzEyYjU4NWQ0MTJhZDMzZjM0NzBhZDQ2ZjBiOWExZTE1Yjg3ZmIxYzp7Il9hdXRoX3VzZXJfaWQiOiIxIiwiX2F1dGhfdXNlcl9iYWNrZW5kIjoiZGphbmdvLmNvbnRyaWIuYXV0aC5iYWNrZW5kcy5Nb2RlbEJhY2tlbmQiLCJfYXV0aF91c2VyX2hhc2giOiIwZDc5NjExMDNmNmM5NDAzOTM2OTU4OWVkNzc0NDgyZThmZjkwNjgxIn0=", "expire_date": "2019-12-01T19:50:15.530"}}, {"model": "sessions.session", "pk": "aic48u70duewxpj77y69ccfk4peth8re", "fields": {"session_data": "NjQ4NzkzYTY2YWNiNmZmYzZmNDQzMmYzNzdlYjUyMGI5ODNlYTZlZTp7Il9hdXRoX3VzZXJfaWQiOiIzIiwiX2F1dGhfdXNlcl9iYWNrZW5kIjoiZGphbmdvLmNvbnRyaWIuYXV0aC5iYWNrZW5kcy5Nb2RlbEJhY2tlbmQiLCJfYXV0aF91c2VyX2hhc2giOiI5MDliMTAxYWY1M2JlNTkzZmViNTNmOTQwNzU5ODFjYzk1ZjNhOTEzIn0=", "expire_date": "2019-11-29T17:50:45.136"}}, {"model": "sessions.session", "pk": "e97imoqr2n8d22qip4bxk1505s8s0ggt", "fields": {"session_data": "MzEyYjU4NWQ0MTJhZDMzZjM0NzBhZDQ2ZjBiOWExZTE1Yjg3ZmIxYzp7Il9hdXRoX3VzZXJfaWQiOiIxIiwiX2F1dGhfdXNlcl9iYWNrZW5kIjoiZGphbmdvLmNvbnRyaWIuYXV0aC5iYWNrZW5kcy5Nb2RlbEJhY2tlbmQiLCJfYXV0aF91c2VyX2hhc2giOiIwZDc5NjExMDNmNmM5NDAzOTM2OTU4OWVkNzc0NDgyZThmZjkwNjgxIn0=", "expire_date": "2019-11-11T10:37:32.683"}}, {"model": "sessions.session", "pk": "ee2m0luujhes8j3cr86y6w3l3le6rlnd", "fields": {"session_data": "OGZiNmE2NWUyZDM2MWFiZjUxMTQ3MDc1ZWQ1OGE4ZmU4YWQzYzJmZDp7Il9hdXRoX3VzZXJfaWQiOiIxIiwiX2F1dGhfdXNlcl9iYWNrZW5kIjoiZGphbmdvLmNvbnRyaWIuYXV0aC5iYWNrZW5kcy5Nb2RlbEJhY2tlbmQiLCJfYXV0aF91c2VyX2hhc2giOiJhN2M2YTdlMTNjOWJmZWVjNzBlNTY5NjI2YWRjMTM2OTE0MjQ5MjMxIn0=", "expire_date": "2019-12-03T21:05:34.977"}}, {"model": "sessions.session", "pk": "f7h4ah2l7vxnznyhhjijibh3uhwvt4ae", "fields": {"session_data": "MzEyYjU4NWQ0MTJhZDMzZjM0NzBhZDQ2ZjBiOWExZTE1Yjg3ZmIxYzp7Il9hdXRoX3VzZXJfaWQiOiIxIiwiX2F1dGhfdXNlcl9iYWNrZW5kIjoiZGphbmdvLmNvbnRyaWIuYXV0aC5iYWNrZW5kcy5Nb2RlbEJhY2tlbmQiLCJfYXV0aF91c2VyX2hhc2giOiIwZDc5NjExMDNmNmM5NDAzOTM2OTU4OWVkNzc0NDgyZThmZjkwNjgxIn0=", "expire_date": "2019-10-29T08:10:46.920"}}, {"model": "sessions.session", "pk": "ffttq58ydc6f79m57mge7p24uj3sycz7", "fields": {"session_data": "NGNjNDc5YTkxNmEzY2M0ODQ3MzI1YjIzZWZkNTc1ZGFmNTM5MTJkNDp7InJlZ2lzdGVyIjoiNnc1UiIsIl9hdXRoX3VzZXJfaWQiOiI0IiwiX2F1dGhfdXNlcl9iYWNrZW5kIjoiZGphbmdvLmNvbnRyaWIuYXV0aC5iYWNrZW5kcy5Nb2RlbEJhY2tlbmQiLCJfYXV0aF91c2VyX2hhc2giOiI3ODU1MTc5MmU1MjYyMjI1MTI2YWVhNzUxMDU4YWQxM2ZlZGFkZWY4In0=", "expire_date": "2019-12-02T18:31:57.611"}}, {"model": "sessions.session", "pk": "g3mu294b6b3f7f3nslpdufiaobj3eko4", "fields": {"session_data": "MzEyYjU4NWQ0MTJhZDMzZjM0NzBhZDQ2ZjBiOWExZTE1Yjg3ZmIxYzp7Il9hdXRoX3VzZXJfaWQiOiIxIiwiX2F1dGhfdXNlcl9iYWNrZW5kIjoiZGphbmdvLmNvbnRyaWIuYXV0aC5iYWNrZW5kcy5Nb2RlbEJhY2tlbmQiLCJfYXV0aF91c2VyX2hhc2giOiIwZDc5NjExMDNmNmM5NDAzOTM2OTU4OWVkNzc0NDgyZThmZjkwNjgxIn0=", "expire_date": "2019-11-03T11:18:23.923"}}, {"model": "sessions.session", "pk": "gk04c1u4wm0ge2n44cn0zq4527ie2rge", "fields": {"session_data": "MzEyYjU4NWQ0MTJhZDMzZjM0NzBhZDQ2ZjBiOWExZTE1Yjg3ZmIxYzp7Il9hdXRoX3VzZXJfaWQiOiIxIiwiX2F1dGhfdXNlcl9iYWNrZW5kIjoiZGphbmdvLmNvbnRyaWIuYXV0aC5iYWNrZW5kcy5Nb2RlbEJhY2tlbmQiLCJfYXV0aF91c2VyX2hhc2giOiIwZDc5NjExMDNmNmM5NDAzOTM2OTU4OWVkNzc0NDgyZThmZjkwNjgxIn0=", "expire_date": "2019-11-04T06:42:57.733"}}, {"model": "sessions.session", "pk": "h05hnwmnsmf121nhmusacd3o0lmare2a", "fields": {"session_data": "MzEyYjU4NWQ0MTJhZDMzZjM0NzBhZDQ2ZjBiOWExZTE1Yjg3ZmIxYzp7Il9hdXRoX3VzZXJfaWQiOiIxIiwiX2F1dGhfdXNlcl9iYWNrZW5kIjoiZGphbmdvLmNvbnRyaWIuYXV0aC5iYWNrZW5kcy5Nb2RlbEJhY2tlbmQiLCJfYXV0aF91c2VyX2hhc2giOiIwZDc5NjExMDNmNmM5NDAzOTM2OTU4OWVkNzc0NDgyZThmZjkwNjgxIn0=", "expire_date": "2019-11-07T05:17:08.593"}}, {"model": "sessions.session", "pk": "hi7c9zwg04mk17h2o01isl4ndxxb6skc", "fields": {"session_data": "MzEyYjU4NWQ0MTJhZDMzZjM0NzBhZDQ2ZjBiOWExZTE1Yjg3ZmIxYzp7Il9hdXRoX3VzZXJfaWQiOiIxIiwiX2F1dGhfdXNlcl9iYWNrZW5kIjoiZGphbmdvLmNvbnRyaWIuYXV0aC5iYWNrZW5kcy5Nb2RlbEJhY2tlbmQiLCJfYXV0aF91c2VyX2hhc2giOiIwZDc5NjExMDNmNmM5NDAzOTM2OTU4OWVkNzc0NDgyZThmZjkwNjgxIn0=", "expire_date": "2019-11-09T16:40:34.629"}}, {"model": "sessions.session", "pk": "i0lmh64bkmv8yxgnfvc17tuy736glqg8", "fields": {"session_data": "MzEyYjU4NWQ0MTJhZDMzZjM0NzBhZDQ2ZjBiOWExZTE1Yjg3ZmIxYzp7Il9hdXRoX3VzZXJfaWQiOiIxIiwiX2F1dGhfdXNlcl9iYWNrZW5kIjoiZGphbmdvLmNvbnRyaWIuYXV0aC5iYWNrZW5kcy5Nb2RlbEJhY2tlbmQiLCJfYXV0aF91c2VyX2hhc2giOiIwZDc5NjExMDNmNmM5NDAzOTM2OTU4OWVkNzc0NDgyZThmZjkwNjgxIn0=", "expire_date": "2019-11-09T16:56:31.018"}}, {"model": "sessions.session", "pk": "inznmat9701bmhbnhn9g0tsane86mw0s", "fields": {"session_data": "OGZiNmE2NWUyZDM2MWFiZjUxMTQ3MDc1ZWQ1OGE4ZmU4YWQzYzJmZDp7Il9hdXRoX3VzZXJfaWQiOiIxIiwiX2F1dGhfdXNlcl9iYWNrZW5kIjoiZGphbmdvLmNvbnRyaWIuYXV0aC5iYWNrZW5kcy5Nb2RlbEJhY2tlbmQiLCJfYXV0aF91c2VyX2hhc2giOiJhN2M2YTdlMTNjOWJmZWVjNzBlNTY5NjI2YWRjMTM2OTE0MjQ5MjMxIn0=", "expire_date": "2019-12-03T20:32:45.360"}}, {"model": "sessions.session", "pk": "j1t7ng0g6tf92k9zfxbczw53ozu7ixot", "fields": {"session_data": "MzEyYjU4NWQ0MTJhZDMzZjM0NzBhZDQ2ZjBiOWExZTE1Yjg3ZmIxYzp7Il9hdXRoX3VzZXJfaWQiOiIxIiwiX2F1dGhfdXNlcl9iYWNrZW5kIjoiZGphbmdvLmNvbnRyaWIuYXV0aC5iYWNrZW5kcy5Nb2RlbEJhY2tlbmQiLCJfYXV0aF91c2VyX2hhc2giOiIwZDc5NjExMDNmNmM5NDAzOTM2OTU4OWVkNzc0NDgyZThmZjkwNjgxIn0=", "expire_date": "2019-11-03T12:33:07.195"}}, {"model": "sessions.session", "pk": "jmntl0w2o4f6azv7046t5z7pp98i2vix", "fields": {"session_data": "MzU3NzA4OTM1ZDBhYmM3OGUyM2NiMGVkZWMwY2Y3YzU5NzBkYzkwZTp7Il9hdXRoX3VzZXJfaWQiOiIyIiwiX2F1dGhfdXNlcl9iYWNrZW5kIjoiZGphbmdvLmNvbnRyaWIuYXV0aC5iYWNrZW5kcy5Nb2RlbEJhY2tlbmQiLCJfYXV0aF91c2VyX2hhc2giOiI1ODk2ZTBiYzgyNWY5NWE4YWIwM2RjZWNmOGFkMDBjOTM0ZmUxYWRkIn0=", "expire_date": "2019-11-05T12:23:24.674"}}, {"model": "sessions.session", "pk": "jqx7ekmt34j07pxniw766ppx2qg333nh", "fields": {"session_data": "MzEyYjU4NWQ0MTJhZDMzZjM0NzBhZDQ2ZjBiOWExZTE1Yjg3ZmIxYzp7Il9hdXRoX3VzZXJfaWQiOiIxIiwiX2F1dGhfdXNlcl9iYWNrZW5kIjoiZGphbmdvLmNvbnRyaWIuYXV0aC5iYWNrZW5kcy5Nb2RlbEJhY2tlbmQiLCJfYXV0aF91c2VyX2hhc2giOiIwZDc5NjExMDNmNmM5NDAzOTM2OTU4OWVkNzc0NDgyZThmZjkwNjgxIn0=", "expire_date": "2019-11-02T12:27:19.234"}}, {"model": "sessions.session", "pk": "k5cwqc0ofboaj4v7qr7jglbd6tgxh76o", "fields": {"session_data": "MzU3NzA4OTM1ZDBhYmM3OGUyM2NiMGVkZWMwY2Y3YzU5NzBkYzkwZTp7Il9hdXRoX3VzZXJfaWQiOiIyIiwiX2F1dGhfdXNlcl9iYWNrZW5kIjoiZGphbmdvLmNvbnRyaWIuYXV0aC5iYWNrZW5kcy5Nb2RlbEJhY2tlbmQiLCJfYXV0aF91c2VyX2hhc2giOiI1ODk2ZTBiYzgyNWY5NWE4YWIwM2RjZWNmOGFkMDBjOTM0ZmUxYWRkIn0=", "expire_date": "2019-11-06T10:32:01.923"}}, {"model": "sessions.session", "pk": "lc7ajbob9huryx632gutlsz5rkxhsvz1", "fields": {"session_data": "MzU3NzA4OTM1ZDBhYmM3OGUyM2NiMGVkZWMwY2Y3YzU5NzBkYzkwZTp7Il9hdXRoX3VzZXJfaWQiOiIyIiwiX2F1dGhfdXNlcl9iYWNrZW5kIjoiZGphbmdvLmNvbnRyaWIuYXV0aC5iYWNrZW5kcy5Nb2RlbEJhY2tlbmQiLCJfYXV0aF91c2VyX2hhc2giOiI1ODk2ZTBiYzgyNWY5NWE4YWIwM2RjZWNmOGFkMDBjOTM0ZmUxYWRkIn0=", "expire_date": "2019-12-02T20:53:46.669"}}, {"model": "sessions.session", "pk": "micx2em2w63mk8ph3cyom7orx20crxag", "fields": {"session_data": "MzU3NzA4OTM1ZDBhYmM3OGUyM2NiMGVkZWMwY2Y3YzU5NzBkYzkwZTp7Il9hdXRoX3VzZXJfaWQiOiIyIiwiX2F1dGhfdXNlcl9iYWNrZW5kIjoiZGphbmdvLmNvbnRyaWIuYXV0aC5iYWNrZW5kcy5Nb2RlbEJhY2tlbmQiLCJfYXV0aF91c2VyX2hhc2giOiI1ODk2ZTBiYzgyNWY5NWE4YWIwM2RjZWNmOGFkMDBjOTM0ZmUxYWRkIn0=", "expire_date": "2019-12-02T17:00:47.364"}}, {"model": "sessions.session", "pk": "mksyf6ufet7vyv57vfkvb4ahsj7ahtce", "fields": {"session_data": "MzEyYjU4NWQ0MTJhZDMzZjM0NzBhZDQ2ZjBiOWExZTE1Yjg3ZmIxYzp7Il9hdXRoX3VzZXJfaWQiOiIxIiwiX2F1dGhfdXNlcl9iYWNrZW5kIjoiZGphbmdvLmNvbnRyaWIuYXV0aC5iYWNrZW5kcy5Nb2RlbEJhY2tlbmQiLCJfYXV0aF91c2VyX2hhc2giOiIwZDc5NjExMDNmNmM5NDAzOTM2OTU4OWVkNzc0NDgyZThmZjkwNjgxIn0=", "expire_date": "2019-11-09T16:23:58.412"}}, {"model": "sessions.session", "pk": "o0b51j06kx4x1qihccy8gn1lln7iqfbl", "fields": {"session_data": "MzEyYjU4NWQ0MTJhZDMzZjM0NzBhZDQ2ZjBiOWExZTE1Yjg3ZmIxYzp7Il9hdXRoX3VzZXJfaWQiOiIxIiwiX2F1dGhfdXNlcl9iYWNrZW5kIjoiZGphbmdvLmNvbnRyaWIuYXV0aC5iYWNrZW5kcy5Nb2RlbEJhY2tlbmQiLCJfYXV0aF91c2VyX2hhc2giOiIwZDc5NjExMDNmNmM5NDAzOTM2OTU4OWVkNzc0NDgyZThmZjkwNjgxIn0=", "expire_date": "2019-11-12T20:08:16.006"}}, {"model": "sessions.session", "pk": "ojnxhftdwksn56p9wdbyjzgaut1g3kse", "fields": {"session_data": "MzEyYjU4NWQ0MTJhZDMzZjM0NzBhZDQ2ZjBiOWExZTE1Yjg3ZmIxYzp7Il9hdXRoX3VzZXJfaWQiOiIxIiwiX2F1dGhfdXNlcl9iYWNrZW5kIjoiZGphbmdvLmNvbnRyaWIuYXV0aC5iYWNrZW5kcy5Nb2RlbEJhY2tlbmQiLCJfYXV0aF91c2VyX2hhc2giOiIwZDc5NjExMDNmNmM5NDAzOTM2OTU4OWVkNzc0NDgyZThmZjkwNjgxIn0=", "expire_date": "2019-10-29T13:19:24.972"}}, {"model": "sessions.session", "pk": "poc7e2ngfahprfx6uvn5ydxb9vxerrq9", "fields": {"session_data": "MzEyYjU4NWQ0MTJhZDMzZjM0NzBhZDQ2ZjBiOWExZTE1Yjg3ZmIxYzp7Il9hdXRoX3VzZXJfaWQiOiIxIiwiX2F1dGhfdXNlcl9iYWNrZW5kIjoiZGphbmdvLmNvbnRyaWIuYXV0aC5iYWNrZW5kcy5Nb2RlbEJhY2tlbmQiLCJfYXV0aF91c2VyX2hhc2giOiIwZDc5NjExMDNmNmM5NDAzOTM2OTU4OWVkNzc0NDgyZThmZjkwNjgxIn0=", "expire_date": "2019-11-06T12:11:43.631"}}, {"model": "sessions.session", "pk": "q1xqxx3xincqvgtcw7kjxifkgjp1njqy", "fields": {"session_data": "MzEyYjU4NWQ0MTJhZDMzZjM0NzBhZDQ2ZjBiOWExZTE1Yjg3ZmIxYzp7Il9hdXRoX3VzZXJfaWQiOiIxIiwiX2F1dGhfdXNlcl9iYWNrZW5kIjoiZGphbmdvLmNvbnRyaWIuYXV0aC5iYWNrZW5kcy5Nb2RlbEJhY2tlbmQiLCJfYXV0aF91c2VyX2hhc2giOiIwZDc5NjExMDNmNmM5NDAzOTM2OTU4OWVkNzc0NDgyZThmZjkwNjgxIn0=", "expire_date": "2019-11-05T13:44:46.432"}}, {"model": "sessions.session", "pk": "q2wq93c9390f2pc7h7ronojflenwnwy6", "fields": {"session_data": "OGZiNmE2NWUyZDM2MWFiZjUxMTQ3MDc1ZWQ1OGE4ZmU4YWQzYzJmZDp7Il9hdXRoX3VzZXJfaWQiOiIxIiwiX2F1dGhfdXNlcl9iYWNrZW5kIjoiZGphbmdvLmNvbnRyaWIuYXV0aC5iYWNrZW5kcy5Nb2RlbEJhY2tlbmQiLCJfYXV0aF91c2VyX2hhc2giOiJhN2M2YTdlMTNjOWJmZWVjNzBlNTY5NjI2YWRjMTM2OTE0MjQ5MjMxIn0=", "expire_date": "2019-12-05T11:45:33.371"}}, {"model": "sessions.session", "pk": "siw0bpywbybazcgdn9avnyi2puiwtobq", "fields": {"session_data": "MzEyYjU4NWQ0MTJhZDMzZjM0NzBhZDQ2ZjBiOWExZTE1Yjg3ZmIxYzp7Il9hdXRoX3VzZXJfaWQiOiIxIiwiX2F1dGhfdXNlcl9iYWNrZW5kIjoiZGphbmdvLmNvbnRyaWIuYXV0aC5iYWNrZW5kcy5Nb2RlbEJhY2tlbmQiLCJfYXV0aF91c2VyX2hhc2giOiIwZDc5NjExMDNmNmM5NDAzOTM2OTU4OWVkNzc0NDgyZThmZjkwNjgxIn0=", "expire_date": "2019-11-27T19:01:49.304"}}, {"model": "sessions.session", "pk": "w0nytcx2cbpk8h28lwvj0uyzgint05pi", "fields": {"session_data": "OTJhYmM1MzU3MDMyODQxNTQ2OTNmMTQ5NDk0YjVjNTNlYmJkZjJkYjp7fQ==", "expire_date": "2019-11-04T06:37:25.375"}}, {"model": "sessions.session", "pk": "wbhoil3l531xtpqdxreusmqw2zjmyrxi", "fields": {"session_data": "MzEyYjU4NWQ0MTJhZDMzZjM0NzBhZDQ2ZjBiOWExZTE1Yjg3ZmIxYzp7Il9hdXRoX3VzZXJfaWQiOiIxIiwiX2F1dGhfdXNlcl9iYWNrZW5kIjoiZGphbmdvLmNvbnRyaWIuYXV0aC5iYWNrZW5kcy5Nb2RlbEJhY2tlbmQiLCJfYXV0aF91c2VyX2hhc2giOiIwZDc5NjExMDNmNmM5NDAzOTM2OTU4OWVkNzc0NDgyZThmZjkwNjgxIn0=", "expire_date": "2019-11-12T19:28:27.487"}}, {"model": "sessions.session", "pk": "wmzzp92xf7toi15xisc3i8jfzxmnu18n", "fields": {"session_data": "NjQ4NzkzYTY2YWNiNmZmYzZmNDQzMmYzNzdlYjUyMGI5ODNlYTZlZTp7Il9hdXRoX3VzZXJfaWQiOiIzIiwiX2F1dGhfdXNlcl9iYWNrZW5kIjoiZGphbmdvLmNvbnRyaWIuYXV0aC5iYWNrZW5kcy5Nb2RlbEJhY2tlbmQiLCJfYXV0aF91c2VyX2hhc2giOiI5MDliMTAxYWY1M2JlNTkzZmViNTNmOTQwNzU5ODFjYzk1ZjNhOTEzIn0=", "expire_date": "2019-11-25T20:12:41.527"}}, {"model": "sessions.session", "pk": "yn1f5xw7tb6xl52oa4ujdiza4x6hs8co", "fields": {"session_data": "MzEyYjU4NWQ0MTJhZDMzZjM0NzBhZDQ2ZjBiOWExZTE1Yjg3ZmIxYzp7Il9hdXRoX3VzZXJfaWQiOiIxIiwiX2F1dGhfdXNlcl9iYWNrZW5kIjoiZGphbmdvLmNvbnRyaWIuYXV0aC5iYWNrZW5kcy5Nb2RlbEJhY2tlbmQiLCJfYXV0aF91c2VyX2hhc2giOiIwZDc5NjExMDNmNmM5NDAzOTM2OTU4OWVkNzc0NDgyZThmZjkwNjgxIn0=", "expire_date": "2019-12-01T18:11:36.281"}}, {"model": "sessions.session", "pk": "z5qmfva9h9fsyy0414yk5pxdupu98xrk", "fields": {"session_data": "MzEyYjU4NWQ0MTJhZDMzZjM0NzBhZDQ2ZjBiOWExZTE1Yjg3ZmIxYzp7Il9hdXRoX3VzZXJfaWQiOiIxIiwiX2F1dGhfdXNlcl9iYWNrZW5kIjoiZGphbmdvLmNvbnRyaWIuYXV0aC5iYWNrZW5kcy5Nb2RlbEJhY2tlbmQiLCJfYXV0aF91c2VyX2hhc2giOiIwZDc5NjExMDNmNmM5NDAzOTM2OTU4OWVkNzc0NDgyZThmZjkwNjgxIn0=", "expire_date": "2019-11-07T05:31:09.529"}}, {"model": "sessions.session", "pk": "zzq0ggh86yafyr0zwcdfubml5re83hqs", "fields": {"session_data": "MzEyYjU4NWQ0MTJhZDMzZjM0NzBhZDQ2ZjBiOWExZTE1Yjg3ZmIxYzp7Il9hdXRoX3VzZXJfaWQiOiIxIiwiX2F1dGhfdXNlcl9iYWNrZW5kIjoiZGphbmdvLmNvbnRyaWIuYXV0aC5iYWNrZW5kcy5Nb2RlbEJhY2tlbmQiLCJfYXV0aF91c2VyX2hhc2giOiIwZDc5NjExMDNmNmM5NDAzOTM2OTU4OWVkNzc0NDgyZThmZjkwNjgxIn0=", "expire_date": "2019-11-03T11:24:19.619"}}, {"model": "captcha.captchastore", "pk": 1700, "fields": {"challenge": "VAYC", "response": "vayc", "hashkey": "d50eea19dfb766ec4ce076457158b37b544ab745", "expiration": "2019-11-22T11:07:37.832"}}, {"model": "captcha.captchastore", "pk": 1701, "fields": {"challenge": "IEPQ", "response": "iepq", "hashkey": "78f20d56a89967bd9b8cc00df52d72e2f80f74fa", "expiration": "2019-11-22T11:09:38.625"}}, {"model": "captcha.captchastore", "pk": 1702, "fields": {"challenge": "UNAU", "response": "unau", "hashkey": "d1bdac5afba600cdb254103cb821aff17447e669", "expiration": "2019-11-22T11:10:08.866"}}, {"model": "captcha.captchastore", "pk": 1703, "fields": {"challenge": "PXWS", "response": "pxws", "hashkey": "ed433a444368b376abb6084022306304de561568", "expiration": "2019-11-22T11:10:09.965"}}, {"model": "captcha.captchastore", "pk": 1704, "fields": {"challenge": "ZOSD", "response": "zosd", "hashkey": "31bdad4b06670accca8049208c81f2eaf59f6ce4", "expiration": "2019-11-22T11:10:11.467"}}, {"model": "captcha.captchastore", "pk": 1705, "fields": {"challenge": "GBUZ", "response": "gbuz", "hashkey": "3e9170aae82eb2ddafc41e3522f2e5ff09c86d4d", "expiration": "2019-11-22T11:10:11.486"}}, {"model": "captcha.captchastore", "pk": 1707, "fields": {"challenge": "VPPT", "response": "vppt", "hashkey": "82b5f806f1ae59c6c2fe5a7c6dd1e89be3703063", "expiration": "2019-11-22T11:10:29.842"}}, {"model": "captcha.captchastore", "pk": 1708, "fields": {"challenge": "RXPU", "response": "rxpu", "hashkey": "752d07a6cd096b629bc771ac26260408fb4e91b4", "expiration": "2019-11-22T11:10:29.859"}}, {"model": "captcha.captchastore", "pk": 1710, "fields": {"challenge": "BIBI", "response": "bibi", "hashkey": "4a061fd0e71d69c2281017f7080b0a72a96c651f", "expiration": "2019-11-22T11:10:44.426"}}, {"model": "captcha.captchastore", "pk": 1711, "fields": {"challenge": "JNDT", "response": "jndt", "hashkey": "a8d9067850382049f4a60472cb27500ce1123d86", "expiration": "2019-11-22T11:10:47.373"}}, {"model": "captcha.captchastore", "pk": 1712, "fields": {"challenge": "DVZY", "response": "dvzy", "hashkey": "a9d2146c3ec5f110c482989e93f69e67f6c15722", "expiration": "2019-11-22T11:10:49.242"}}, {"model": "captcha.captchastore", "pk": 1713, "fields": {"challenge": "SHQK", "response": "shqk", "hashkey": "38e13f2fc19c30e3525485c00bbb9e3e2e25a019", "expiration": "2019-11-22T11:10:51.172"}}, {"model": "captcha.captchastore", "pk": 1714, "fields": {"challenge": "XLOQ", "response": "xloq", "hashkey": "fa982ee81ff07530bed75b802831e1dd6c6afc38", "expiration": "2019-11-22T11:11:27.868"}}, {"model": "captcha.captchastore", "pk": 1715, "fields": {"challenge": "OHMK", "response": "ohmk", "hashkey": "53e90c8a70188f750bd5d94a4b15e224cea577f9", "expiration": "2019-11-22T11:11:31.987"}}, {"model": "captcha.captchastore", "pk": 1716, "fields": {"challenge": "NCRV", "response": "ncrv", "hashkey": "5676b0eeee4b4c2686dfa3de2b53721fe84f084c", "expiration": "2019-11-22T11:11:38.618"}}, {"model": "captcha.captchastore", "pk": 1717, "fields": {"challenge": "MFMT", "response": "mfmt", "hashkey": "80433738c2c1b572aadcf91c25cc1bb7b162e231", "expiration": "2019-11-22T11:11:49.972"}}, {"model": "captcha.captchastore", "pk": 1718, "fields": {"challenge": "QXYS", "response": "qxys", "hashkey": "cd7637163776f4fdb1b25171261c41747918d81a", "expiration": "2019-11-22T11:11:51.284"}}, {"model": "captcha.captchastore", "pk": 1719, "fields": {"challenge": "JORQ", "response": "jorq", "hashkey": "293e5bb0ca7dc7ecee76a5bd2e57b20772255426", "expiration": "2019-11-22T11:11:52.480"}}, {"model": "captcha.captchastore", "pk": 1720, "fields": {"challenge": "PXKM", "response": "pxkm", "hashkey": "5aa2394e56fdf2d29d011f1833d130a948e10e62", "expiration": "2019-11-22T11:11:53.086"}}, {"model": "captcha.captchastore", "pk": 1721, "fields": {"challenge": "YOIG", "response": "yoig", "hashkey": "f0a5df880aa9a7dc1b1131d81476b54db3353194", "expiration": "2019-11-22T11:11:54.908"}}, {"model": "captcha.captchastore", "pk": 1722, "fields": {"challenge": "GVEL", "response": "gvel", "hashkey": "3e99847bf473eb9348480ad8ab1f6c4d5c1441cb", "expiration": "2019-11-22T11:54:47.260"}}, {"model": "captcha.captchastore", "pk": 1723, "fields": {"challenge": "PMDF", "response": "pmdf", "hashkey": "7245997e2bc9a1d972d4fe161cf24b63264240b3", "expiration": "2019-11-22T11:54:56.675"}}, {"model": "captcha.captchastore", "pk": 1724, "fields": {"challenge": "HVDX", "response": "hvdx", "hashkey": "f78da3e056ae456e972c3bbadfd823dad0d1ff15", "expiration": "2019-11-22T11:55:16.430"}}, {"model": "captcha.captchastore", "pk": 1725, "fields": {"challenge": "GSKE", "response": "gske", "hashkey": "2e03c22668dbdf22adf092ede3bf1e833b4d0513", "expiration": "2019-11-22T18:01:23.028"}}, {"model": "captcha.captchastore", "pk": 1726, "fields": {"challenge": "HITS", "response": "hits", "hashkey": "4bcc1eca1b879f64ccfd308d580178fcf7419ccd", "expiration": "2019-11-22T18:01:24.870"}}, {"model": "captcha.captchastore", "pk": 1727, "fields": {"challenge": "ECJT", "response": "ecjt", "hashkey": "1600ef69d69569aa4c36869b23410a33d8a75656", "expiration": "2019-11-22T18:01:33.182"}}, {"model": "captcha.captchastore", "pk": 1728, "fields": {"challenge": "FQVP", "response": "fqvp", "hashkey": "65ab86aa58ddeb17a901c3b0bcd6f2868c2b036e", "expiration": "2019-11-22T18:01:34.876"}}, {"model": "captcha.captchastore", "pk": 1729, "fields": {"challenge": "BGWI", "response": "bgwi", "hashkey": "2d4d6e9fcc1d0e298dee7ebc20a6c2d9380fb8cb", "expiration": "2019-11-22T18:41:46.701"}}, {"model": "blog.blogtype", "pk": 1, "fields": {"type_name": "Django"}}, {"model": "blog.blogtype", "pk": 2, "fields": {"type_name": "\u968f\u7b14"}}, {"model": "blog.blogtype", "pk": 3, "fields": {"type_name": "\u611f\u609f"}}, {"model": "blog.blogtype", "pk": 4, "fields": {"type_name": "database"}}, {"model": "read_statistics.readnum", "pk": 1, "fields": {"read_num": 13, "content_type": 7, "object_id": 2}}, {"model": "read_statistics.readnum", "pk": 2, "fields": {"read_num": 6, "content_type": 7, "object_id": 3}}, {"model": "read_statistics.readnum", "pk": 3, "fields": {"read_num": 4, "content_type": 7, "object_id": 4}}, {"model": "read_statistics.readnum", "pk": 4, "fields": {"read_num": 1, "content_type": 7, "object_id": 5}}, {"model": "read_statistics.readnum", "pk": 5, "fields": {"read_num": 3, "content_type": 7, "object_id": 6}}, {"model": "read_statistics.readnum", "pk": 6, "fields": {"read_num": 7, "content_type": 7, "object_id": 10}}, {"model": "read_statistics.readnum", "pk": 7, "fields": {"read_num": 17, "content_type": 7, "object_id": 36}}, {"model": "read_statistics.readnum", "pk": 8, "fields": {"read_num": 15, "content_type": 7, "object_id": 37}}, {"model": "read_statistics.readnum", "pk": 9, "fields": {"read_num": 43, "content_type": 7, "object_id": 38}}, {"model": "read_statistics.readnum", "pk": 10, "fields": {"read_num": 2, "content_type": 7, "object_id": 11}}, {"model": "read_statistics.readnum", "pk": 11, "fields": {"read_num": 1, "content_type": 7, "object_id": 8}}, {"model": "read_statistics.readnum", "pk": 12, "fields": {"read_num": 5, "content_type": 7, "object_id": 39}}, {"model": "read_statistics.readnum", "pk": 13, "fields": {"read_num": 15, "content_type": 7, "object_id": 40}}, {"model": "read_statistics.readnum", "pk": 14, "fields": {"read_num": 9, "content_type": 7, "object_id": 41}}, {"model": "read_statistics.readdetail", "pk": 1, "fields": {"read_num": 1, "content_type": 7, "object_id": 3, "read_date": "2019-10-18"}}, {"model": "read_statistics.readdetail", "pk": 2, "fields": {"read_num": 1, "content_type": 7, "object_id": 4, "read_date": "2019-10-18"}}, {"model": "read_statistics.readdetail", "pk": 3, "fields": {"read_num": 2, "content_type": 7, "object_id": 2, "read_date": "2019-10-18"}}, {"model": "read_statistics.readdetail", "pk": 4, "fields": {"read_num": 5, "content_type": 7, "object_id": 10, "read_date": "2019-10-17"}}, {"model": "read_statistics.readdetail", "pk": 5, "fields": {"read_num": 2, "content_type": 7, "object_id": 10, "read_date": "2019-10-18"}}, {"model": "read_statistics.readdetail", "pk": 6, "fields": {"read_num": 2, "content_type": 7, "object_id": 2, "read_date": "2019-10-19"}}, {"model": "read_statistics.readdetail", "pk": 7, "fields": {"read_num": 3, "content_type": 7, "object_id": 36, "read_date": "2019-10-19"}}, {"model": "read_statistics.readdetail", "pk": 8, "fields": {"read_num": 6, "content_type": 7, "object_id": 36, "read_date": "2019-10-20"}}, {"model": "read_statistics.readdetail", "pk": 9, "fields": {"read_num": 7, "content_type": 7, "object_id": 36, "read_date": "2019-10-21"}}, {"model": "read_statistics.readdetail", "pk": 10, "fields": {"read_num": 5, "content_type": 7, "object_id": 37, "read_date": "2019-10-21"}}, {"model": "read_statistics.readdetail", "pk": 11, "fields": {"read_num": 1, "content_type": 7, "object_id": 4, "read_date": "2019-10-21"}}, {"model": "read_statistics.readdetail", "pk": 12, "fields": {"read_num": 4, "content_type": 7, "object_id": 37, "read_date": "2019-10-22"}}, {"model": "read_statistics.readdetail", "pk": 13, "fields": {"read_num": 4, "content_type": 7, "object_id": 38, "read_date": "2019-10-22"}}, {"model": "read_statistics.readdetail", "pk": 14, "fields": {"read_num": 1, "content_type": 7, "object_id": 2, "read_date": "2019-10-22"}}, {"model": "read_statistics.readdetail", "pk": 15, "fields": {"read_num": 4, "content_type": 7, "object_id": 37, "read_date": "2019-10-23"}}, {"model": "read_statistics.readdetail", "pk": 16, "fields": {"read_num": 2, "content_type": 7, "object_id": 38, "read_date": "2019-10-23"}}, {"model": "read_statistics.readdetail", "pk": 17, "fields": {"read_num": 1, "content_type": 7, "object_id": 4, "read_date": "2019-10-23"}}, {"model": "read_statistics.readdetail", "pk": 18, "fields": {"read_num": 4, "content_type": 7, "object_id": 38, "read_date": "2019-10-24"}}, {"model": "read_statistics.readdetail", "pk": 19, "fields": {"read_num": 1, "content_type": 7, "object_id": 37, "read_date": "2019-10-24"}}, {"model": "read_statistics.readdetail", "pk": 20, "fields": {"read_num": 1, "content_type": 7, "object_id": 2, "read_date": "2019-10-24"}}, {"model": "read_statistics.readdetail", "pk": 21, "fields": {"read_num": 1, "content_type": 7, "object_id": 6, "read_date": "2019-10-24"}}, {"model": "read_statistics.readdetail", "pk": 22, "fields": {"read_num": 1, "content_type": 7, "object_id": 11, "read_date": "2019-10-24"}}, {"model": "read_statistics.readdetail", "pk": 23, "fields": {"read_num": 2, "content_type": 7, "object_id": 3, "read_date": "2019-10-26"}}, {"model": "read_statistics.readdetail", "pk": 24, "fields": {"read_num": 6, "content_type": 7, "object_id": 38, "read_date": "2019-10-26"}}, {"model": "read_statistics.readdetail", "pk": 25, "fields": {"read_num": 1, "content_type": 7, "object_id": 6, "read_date": "2019-10-26"}}, {"model": "read_statistics.readdetail", "pk": 26, "fields": {"read_num": 1, "content_type": 7, "object_id": 8, "read_date": "2019-10-26"}}, {"model": "read_statistics.readdetail", "pk": 27, "fields": {"read_num": 1, "content_type": 7, "object_id": 39, "read_date": "2019-10-26"}}, {"model": "read_statistics.readdetail", "pk": 28, "fields": {"read_num": 1, "content_type": 7, "object_id": 11, "read_date": "2019-10-26"}}, {"model": "read_statistics.readdetail", "pk": 29, "fields": {"read_num": 1, "content_type": 7, "object_id": 39, "read_date": "2019-10-28"}}, {"model": "read_statistics.readdetail", "pk": 30, "fields": {"read_num": 1, "content_type": 7, "object_id": 3, "read_date": "2019-10-28"}}, {"model": "read_statistics.readdetail", "pk": 31, "fields": {"read_num": 11, "content_type": 7, "object_id": 38, "read_date": "2019-10-28"}}, {"model": "read_statistics.readdetail", "pk": 32, "fields": {"read_num": 8, "content_type": 7, "object_id": 38, "read_date": "2019-10-29"}}, {"model": "read_statistics.readdetail", "pk": 33, "fields": {"read_num": 7, "content_type": 7, "object_id": 38, "read_date": "2019-10-30"}}, {"model": "read_statistics.readdetail", "pk": 34, "fields": {"read_num": 1, "content_type": 7, "object_id": 39, "read_date": "2019-10-30"}}, {"model": "read_statistics.readdetail", "pk": 35, "fields": {"read_num": 1, "content_type": 7, "object_id": 39, "read_date": "2019-11-04"}}, {"model": "read_statistics.readdetail", "pk": 36, "fields": {"read_num": 1, "content_type": 7, "object_id": 40, "read_date": "2019-11-04"}}, {"model": "read_statistics.readdetail", "pk": 37, "fields": {"read_num": 1, "content_type": 7, "object_id": 40, "read_date": "2019-11-06"}}, {"model": "read_statistics.readdetail", "pk": 38, "fields": {"read_num": 1, "content_type": 7, "object_id": 38, "read_date": "2019-11-06"}}, {"model": "read_statistics.readdetail", "pk": 39, "fields": {"read_num": 2, "content_type": 7, "object_id": 40, "read_date": "2019-11-07"}}, {"model": "read_statistics.readdetail", "pk": 40, "fields": {"read_num": 1, "content_type": 7, "object_id": 39, "read_date": "2019-11-07"}}, {"model": "read_statistics.readdetail", "pk": 41, "fields": {"read_num": 1, "content_type": 7, "object_id": 37, "read_date": "2019-11-07"}}, {"model": "read_statistics.readdetail", "pk": 42, "fields": {"read_num": 1, "content_type": 7, "object_id": 36, "read_date": "2019-11-07"}}, {"model": "read_statistics.readdetail", "pk": 43, "fields": {"read_num": 1, "content_type": 7, "object_id": 40, "read_date": "2019-11-09"}}, {"model": "read_statistics.readdetail", "pk": 44, "fields": {"read_num": 2, "content_type": 7, "object_id": 40, "read_date": "2019-11-11"}}, {"model": "read_statistics.readdetail", "pk": 45, "fields": {"read_num": 2, "content_type": 7, "object_id": 40, "read_date": "2019-11-13"}}, {"model": "read_statistics.readdetail", "pk": 46, "fields": {"read_num": 1, "content_type": 7, "object_id": 41, "read_date": "2019-11-13"}}, {"model": "read_statistics.readdetail", "pk": 47, "fields": {"read_num": 2, "content_type": 7, "object_id": 41, "read_date": "2019-11-15"}}, {"model": "read_statistics.readdetail", "pk": 48, "fields": {"read_num": 1, "content_type": 7, "object_id": 40, "read_date": "2019-11-15"}}, {"model": "read_statistics.readdetail", "pk": 49, "fields": {"read_num": 1, "content_type": 7, "object_id": 41, "read_date": "2019-11-17"}}, {"model": "read_statistics.readdetail", "pk": 50, "fields": {"read_num": 1, "content_type": 7, "object_id": 2, "read_date": "2019-11-17"}}, {"model": "read_statistics.readdetail", "pk": 51, "fields": {"read_num": 3, "content_type": 7, "object_id": 41, "read_date": "2019-11-18"}}, {"model": "read_statistics.readdetail", "pk": 52, "fields": {"read_num": 2, "content_type": 7, "object_id": 40, "read_date": "2019-11-18"}}, {"model": "read_statistics.readdetail", "pk": 53, "fields": {"read_num": 1, "content_type": 7, "object_id": 41, "read_date": "2019-11-19"}}, {"model": "read_statistics.readdetail", "pk": 54, "fields": {"read_num": 1, "content_type": 7, "object_id": 40, "read_date": "2019-11-20"}}, {"model": "read_statistics.readdetail", "pk": 55, "fields": {"read_num": 1, "content_type": 7, "object_id": 41, "read_date": "2019-11-20"}}, {"model": "read_statistics.readdetail", "pk": 56, "fields": {"read_num": 2, "content_type": 7, "object_id": 40, "read_date": "2019-11-22"}}, {"model": "likes.likecount", "pk": 7, "fields": {"like_num": 0, "content_type": 7, "object_id": 39}}, {"model": "likes.likecount", "pk": 8, "fields": {"like_num": 1, "content_type": 12, "object_id": 68}}, {"model": "likes.likecount", "pk": 9, "fields": {"like_num": 0, "content_type": 12, "object_id": 67}}, {"model": "likes.likecount", "pk": 10, "fields": {"like_num": 0, "content_type": 12, "object_id": 66}}, {"model": "likes.likecount", "pk": 11, "fields": {"like_num": 0, "content_type": 12, "object_id": 65}}, {"model": "likes.likecount", "pk": 12, "fields": {"like_num": 0, "content_type": 7, "object_id": 38}}, {"model": "likes.likecount", "pk": 13, "fields": {"like_num": 0, "content_type": 7, "object_id": 37}}, {"model": "likes.likecount", "pk": 14, "fields": {"like_num": 0, "content_type": 7, "object_id": 36}}, {"model": "likes.likecount", "pk": 15, "fields": {"like_num": 0, "content_type": 7, "object_id": 2}}, {"model": "likes.likecount", "pk": 16, "fields": {"like_num": 0, "content_type": 12, "object_id": 59}}, {"model": "likes.likecount", "pk": 17, "fields": {"like_num": 0, "content_type": 12, "object_id": 60}}, {"model": "likes.likecount", "pk": 18, "fields": {"like_num": 0, "content_type": 12, "object_id": 61}}, {"model": "likes.likecount", "pk": 19, "fields": {"like_num": 0, "content_type": 12, "object_id": 62}}, {"model": "likes.likecount", "pk": 20, "fields": {"like_num": 0, "content_type": 12, "object_id": 58}}, {"model": "likes.likecount", "pk": 21, "fields": {"like_num": 0, "content_type": 12, "object_id": 50}}, {"model": "likes.likecount", "pk": 22, "fields": {"like_num": 0, "content_type": 12, "object_id": 51}}, {"model": "likes.likecount", "pk": 23, "fields": {"like_num": 0, "content_type": 12, "object_id": 44}}, {"model": "likes.likecount", "pk": 24, "fields": {"like_num": 0, "content_type": 12, "object_id": 45}}, {"model": "likes.likecount", "pk": 25, "fields": {"like_num": 0, "content_type": 12, "object_id": 46}}, {"model": "likes.likecount", "pk": 26, "fields": {"like_num": 0, "content_type": 12, "object_id": 47}}, {"model": "likes.likecount", "pk": 27, "fields": {"like_num": 0, "content_type": 12, "object_id": 48}}, {"model": "likes.likecount", "pk": 28, "fields": {"like_num": 0, "content_type": 12, "object_id": 49}}, {"model": "likes.likecount", "pk": 29, "fields": {"like_num": 0, "content_type": 12, "object_id": 40}}, {"model": "likes.likecount", "pk": 30, "fields": {"like_num": 0, "content_type": 12, "object_id": 41}}, {"model": "likes.likecount", "pk": 31, "fields": {"like_num": 0, "content_type": 12, "object_id": 42}}, {"model": "likes.likecount", "pk": 32, "fields": {"like_num": 0, "content_type": 12, "object_id": 43}}, {"model": "likes.likecount", "pk": 33, "fields": {"like_num": 0, "content_type": 12, "object_id": 37}}, {"model": "likes.likecount", "pk": 34, "fields": {"like_num": 0, "content_type": 12, "object_id": 26}}, {"model": "likes.likecount", "pk": 35, "fields": {"like_num": 0, "content_type": 12, "object_id": 25}}, {"model": "likes.likecount", "pk": 36, "fields": {"like_num": 0, "content_type": 12, "object_id": 24}}, {"model": "likes.likecount", "pk": 37, "fields": {"like_num": 0, "content_type": 12, "object_id": 23}}, {"model": "likes.likecount", "pk": 38, "fields": {"like_num": 0, "content_type": 12, "object_id": 22}}, {"model": "likes.likecount", "pk": 39, "fields": {"like_num": 0, "content_type": 12, "object_id": 21}}, {"model": "likes.likecount", "pk": 40, "fields": {"like_num": 0, "content_type": 12, "object_id": 20}}, {"model": "likes.likecount", "pk": 41, "fields": {"like_num": 0, "content_type": 12, "object_id": 19}}, {"model": "likes.likecount", "pk": 42, "fields": {"like_num": 0, "content_type": 12, "object_id": 18}}, {"model": "likes.likecount", "pk": 43, "fields": {"like_num": 0, "content_type": 12, "object_id": 12}}, {"model": "likes.likecount", "pk": 44, "fields": {"like_num": 0, "content_type": 12, "object_id": 69}}, {"model": "likes.likecount", "pk": 45, "fields": {"like_num": 0, "content_type": 12, "object_id": 70}}, {"model": "likes.likecount", "pk": 46, "fields": {"like_num": 0, "content_type": 12, "object_id": 71}}, {"model": "likes.likecount", "pk": 47, "fields": {"like_num": 0, "content_type": 12, "object_id": 72}}, {"model": "likes.likecount", "pk": 48, "fields": {"like_num": 0, "content_type": 7, "object_id": 3}}, {"model": "likes.likecount", "pk": 49, "fields": {"like_num": 0, "content_type": 12, "object_id": 73}}, {"model": "likes.likecount", "pk": 50, "fields": {"like_num": 0, "content_type": 12, "object_id": 74}}, {"model": "likes.likecount", "pk": 51, "fields": {"like_num": 0, "content_type": 12, "object_id": 38}}, {"model": "likes.likecount", "pk": 52, "fields": {"like_num": 0, "content_type": 12, "object_id": 39}}, {"model": "likes.likecount", "pk": 53, "fields": {"like_num": 0, "content_type": 12, "object_id": 64}}, {"model": "likes.likecount", "pk": 54, "fields": {"like_num": 0, "content_type": 12, "object_id": 75}}, {"model": "likes.likecount", "pk": 55, "fields": {"like_num": 0, "content_type": 12, "object_id": 76}}, {"model": "likes.likecount", "pk": 56, "fields": {"like_num": 0, "content_type": 12, "object_id": 77}}, {"model": "likes.likecount", "pk": 57, "fields": {"like_num": 0, "content_type": 12, "object_id": 78}}, {"model": "likes.likecount", "pk": 58, "fields": {"like_num": 0, "content_type": 12, "object_id": 79}}, {"model": "likes.likecount", "pk": 59, "fields": {"like_num": 0, "content_type": 12, "object_id": 80}}, {"model": "likes.likecount", "pk": 60, "fields": {"like_num": 0, "content_type": 12, "object_id": 81}}, {"model": "likes.likecount", "pk": 61, "fields": {"like_num": 0, "content_type": 12, "object_id": 82}}, {"model": "likes.likecount", "pk": 62, "fields": {"like_num": 0, "content_type": 12, "object_id": 83}}, {"model": "likes.likecount", "pk": 63, "fields": {"like_num": 0, "content_type": 12, "object_id": 84}}, {"model": "likes.likecount", "pk": 64, "fields": {"like_num": 0, "content_type": 12, "object_id": 85}}, {"model": "likes.likecount", "pk": 65, "fields": {"like_num": 0, "content_type": 12, "object_id": 86}}, {"model": "likes.likecount", "pk": 66, "fields": {"like_num": 0, "content_type": 12, "object_id": 87}}, {"model": "likes.likecount", "pk": 67, "fields": {"like_num": 0, "content_type": 12, "object_id": 88}}, {"model": "likes.likecount", "pk": 68, "fields": {"like_num": 0, "content_type": 12, "object_id": 90}}, {"model": "likes.likecount", "pk": 69, "fields": {"like_num": 0, "content_type": 12, "object_id": 89}}, {"model": "likes.likecount", "pk": 70, "fields": {"like_num": 0, "content_type": 12, "object_id": 92}}, {"model": "likes.likecount", "pk": 71, "fields": {"like_num": 0, "content_type": 12, "object_id": 91}}, {"model": "likes.likecount", "pk": 72, "fields": {"like_num": 0, "content_type": 12, "object_id": 93}}, {"model": "likes.likecount", "pk": 73, "fields": {"like_num": 0, "content_type": 12, "object_id": 94}}, {"model": "likes.likecount", "pk": 74, "fields": {"like_num": 0, "content_type": 12, "object_id": 95}}, {"model": "likes.likecount", "pk": 75, "fields": {"like_num": 0, "content_type": 12, "object_id": 96}}, {"model": "likes.likecount", "pk": 76, "fields": {"like_num": 0, "content_type": 12, "object_id": 97}}, {"model": "likes.likecount", "pk": 77, "fields": {"like_num": 1, "content_type": 12, "object_id": 98}}, {"model": "likes.likecount", "pk": 78, "fields": {"like_num": 2, "content_type": 7, "object_id": 40}}, {"model": "likes.likecount", "pk": 79, "fields": {"like_num": 0, "content_type": 12, "object_id": 99}}, {"model": "likes.likecount", "pk": 80, "fields": {"like_num": 0, "content_type": 12, "object_id": 100}}, {"model": "likes.likecount", "pk": 81, "fields": {"like_num": 0, "content_type": 7, "object_id": 32}}, {"model": "likes.likecount", "pk": 82, "fields": {"like_num": 0, "content_type": 7, "object_id": 33}}, {"model": "likes.likecount", "pk": 83, "fields": {"like_num": 0, "content_type": 7, "object_id": 34}}, {"model": "likes.likecount", "pk": 84, "fields": {"like_num": 0, "content_type": 7, "object_id": 35}}, {"model": "likes.likecount", "pk": 85, "fields": {"like_num": 0, "content_type": 7, "object_id": 27}}, {"model": "likes.likecount", "pk": 86, "fields": {"like_num": 0, "content_type": 7, "object_id": 28}}, {"model": "likes.likecount", "pk": 87, "fields": {"like_num": 0, "content_type": 7, "object_id": 29}}, {"model": "likes.likecount", "pk": 88, "fields": {"like_num": 0, "content_type": 7, "object_id": 30}}, {"model": "likes.likecount", "pk": 89, "fields": {"like_num": 0, "content_type": 7, "object_id": 31}}, {"model": "likes.likecount", "pk": 90, "fields": {"like_num": 1, "content_type": 12, "object_id": 101}}, {"model": "likes.likecount", "pk": 91, "fields": {"like_num": 1, "content_type": 12, "object_id": 102}}, {"model": "likes.likecount", "pk": 92, "fields": {"like_num": 0, "content_type": 7, "object_id": 5}}, {"model": "likes.likecount", "pk": 93, "fields": {"like_num": 0, "content_type": 7, "object_id": 6}}, {"model": "likes.likecount", "pk": 94, "fields": {"like_num": 0, "content_type": 7, "object_id": 7}}, {"model": "likes.likecount", "pk": 95, "fields": {"like_num": 0, "content_type": 7, "object_id": 8}}, {"model": "likes.likecount", "pk": 96, "fields": {"like_num": 0, "content_type": 12, "object_id": 17}}, {"model": "likes.likecount", "pk": 97, "fields": {"like_num": 0, "content_type": 12, "object_id": 16}}, {"model": "likes.likecount", "pk": 98, "fields": {"like_num": 0, "content_type": 12, "object_id": 15}}, {"model": "likes.likecount", "pk": 99, "fields": {"like_num": 0, "content_type": 12, "object_id": 14}}, {"model": "likes.likecount", "pk": 100, "fields": {"like_num": 0, "content_type": 12, "object_id": 13}}, {"model": "likes.likecount", "pk": 101, "fields": {"like_num": 0, "content_type": 12, "object_id": 11}}, {"model": "likes.likecount", "pk": 102, "fields": {"like_num": 0, "content_type": 12, "object_id": 10}}, {"model": "likes.likecount", "pk": 103, "fields": {"like_num": 0, "content_type": 12, "object_id": 9}}, {"model": "likes.likecount", "pk": 104, "fields": {"like_num": 0, "content_type": 12, "object_id": 8}}, {"model": "likes.likecount", "pk": 105, "fields": {"like_num": 0, "content_type": 12, "object_id": 7}}, {"model": "likes.likecount", "pk": 106, "fields": {"like_num": 0, "content_type": 12, "object_id": 6}}, {"model": "likes.likecount", "pk": 107, "fields": {"like_num": 0, "content_type": 12, "object_id": 5}}, {"model": "likes.likecount", "pk": 108, "fields": {"like_num": 0, "content_type": 12, "object_id": 1}}, {"model": "likes.likecount", "pk": 109, "fields": {"like_num": 0, "content_type": 12, "object_id": 103}}, {"model": "likes.likecount", "pk": 110, "fields": {"like_num": 0, "content_type": 12, "object_id": 105}}, {"model": "likes.likecount", "pk": 111, "fields": {"like_num": 0, "content_type": 12, "object_id": 104}}, {"model": "likes.likecount", "pk": 112, "fields": {"like_num": 0, "content_type": 12, "object_id": 106}}, {"model": "likes.likecount", "pk": 113, "fields": {"like_num": 1, "content_type": 7, "object_id": 41}}, {"model": "likes.likecount", "pk": 114, "fields": {"like_num": 1, "content_type": 12, "object_id": 107}}, {"model": "likes.likecount", "pk": 115, "fields": {"like_num": 0, "content_type": 7, "object_id": 25}}, {"model": "likes.likecount", "pk": 116, "fields": {"like_num": 0, "content_type": 7, "object_id": 21}}, {"model": "likes.likecount", "pk": 117, "fields": {"like_num": 0, "content_type": 7, "object_id": 22}}, {"model": "likes.likecount", "pk": 118, "fields": {"like_num": 0, "content_type": 7, "object_id": 23}}, {"model": "likes.likecount", "pk": 119, "fields": {"like_num": 0, "content_type": 7, "object_id": 24}}, {"model": "likes.likecount", "pk": 120, "fields": {"like_num": 0, "content_type": 7, "object_id": 26}}, {"model": "likes.likecount", "pk": 121, "fields": {"like_num": 0, "content_type": 12, "object_id": 29}}, {"model": "likes.likecount", "pk": 122, "fields": {"like_num": 0, "content_type": 12, "object_id": 28}}, {"model": "likes.likecount", "pk": 123, "fields": {"like_num": 0, "content_type": 12, "object_id": 27}}, {"model": "likes.likecount", "pk": 124, "fields": {"like_num": 0, "content_type": 12, "object_id": 110}}, {"model": "likes.likecount", "pk": 125, "fields": {"like_num": 0, "content_type": 12, "object_id": 108}}, {"model": "likes.likecount", "pk": 126, "fields": {"like_num": 0, "content_type": 12, "object_id": 109}}, {"model": "likes.likecount", "pk": 127, "fields": {"like_num": 0, "content_type": 7, "object_id": 4}}, {"model": "likes.likecount", "pk": 128, "fields": {"like_num": 0, "content_type": 7, "object_id": 11}}, {"model": "likes.likecount", "pk": 129, "fields": {"like_num": 0, "content_type": 7, "object_id": 12}}, {"model": "likes.likecount", "pk": 130, "fields": {"like_num": 0, "content_type": 7, "object_id": 13}}, {"model": "likes.likecount", "pk": 131, "fields": {"like_num": 0, "content_type": 7, "object_id": 14}}, {"model": "likes.likecount", "pk": 132, "fields": {"like_num": 0, "content_type": 7, "object_id": 15}}, {"model": "likes.likecount", "pk": 133, "fields": {"like_num": 0, "content_type": 12, "object_id": 111}}, {"model": "likes.likecount", "pk": 134, "fields": {"like_num": 0, "content_type": 12, "object_id": 114}}, {"model": "likes.likecount", "pk": 135, "fields": {"like_num": 0, "content_type": 12, "object_id": 113}}, {"model": "likes.likecount", "pk": 136, "fields": {"like_num": 0, "content_type": 12, "object_id": 112}}, {"model": "likes.likecount", "pk": 137, "fields": {"like_num": 0, "content_type": 12, "object_id": 115}}, {"model": "likes.likecount", "pk": 138, "fields": {"like_num": 0, "content_type": 12, "object_id": 116}}, {"model": "likes.likecount", "pk": 139, "fields": {"like_num": 0, "content_type": 12, "object_id": 117}}, {"model": "likes.likecount", "pk": 140, "fields": {"like_num": 0, "content_type": 12, "object_id": 118}}, {"model": "likes.likecount", "pk": 141, "fields": {"like_num": 0, "content_type": 12, "object_id": 119}}, {"model": "likes.likecount", "pk": 142, "fields": {"like_num": 0, "content_type": 12, "object_id": 120}}, {"model": "likes.likecount", "pk": 143, "fields": {"like_num": 0, "content_type": 12, "object_id": 122}}, {"model": "likes.likecount", "pk": 144, "fields": {"like_num": 0, "content_type": 12, "object_id": 121}}, {"model": "likes.likecount", "pk": 145, "fields": {"like_num": 0, "content_type": 12, "object_id": 123}}, {"model": "likes.likecount", "pk": 146, "fields": {"like_num": 0, "content_type": 12, "object_id": 124}}, {"model": "likes.likecount", "pk": 147, "fields": {"like_num": 0, "content_type": 12, "object_id": 127}}, {"model": "likes.likecount", "pk": 148, "fields": {"like_num": 0, "content_type": 12, "object_id": 126}}, {"model": "likes.likecount", "pk": 149, "fields": {"like_num": 0, "content_type": 12, "object_id": 125}}, {"model": "likes.likecount", "pk": 150, "fields": {"like_num": 0, "content_type": 12, "object_id": 128}}, {"model": "likes.likecount", "pk": 151, "fields": {"like_num": 0, "content_type": 12, "object_id": 129}}, {"model": "likes.likecount", "pk": 152, "fields": {"like_num": 0, "content_type": 12, "object_id": 130}}, {"model": "likes.likecount", "pk": 153, "fields": {"like_num": 0, "content_type": 12, "object_id": 131}}, {"model": "likes.likecount", "pk": 154, "fields": {"like_num": 0, "content_type": 12, "object_id": 132}}, {"model": "likes.likecount", "pk": 155, "fields": {"like_num": 0, "content_type": 12, "object_id": 133}}, {"model": "likes.likecount", "pk": 156, "fields": {"like_num": 0, "content_type": 12, "object_id": 134}}, {"model": "likes.likecount", "pk": 157, "fields": {"like_num": 0, "content_type": 12, "object_id": 136}}, {"model": "likes.likecount", "pk": 158, "fields": {"like_num": 0, "content_type": 12, "object_id": 135}}, {"model": "likes.likecount", "pk": 159, "fields": {"like_num": 0, "content_type": 12, "object_id": 138}}, {"model": "likes.likecount", "pk": 160, "fields": {"like_num": 0, "content_type": 12, "object_id": 137}}, {"model": "likes.likecount", "pk": 161, "fields": {"like_num": 0, "content_type": 12, "object_id": 139}}, {"model": "likes.likecount", "pk": 162, "fields": {"like_num": 0, "content_type": 12, "object_id": 140}}, {"model": "likes.likecount", "pk": 163, "fields": {"like_num": 0, "content_type": 12, "object_id": 141}}, {"model": "likes.likecount", "pk": 164, "fields": {"like_num": 0, "content_type": 12, "object_id": 142}}, {"model": "auth.permission", "pk": 1, "fields": {"name": "Can add log entry", "content_type": 1, "codename": "add_logentry"}}, {"model": "auth.permission", "pk": 2, "fields": {"name": "Can change log entry", "content_type": 1, "codename": "change_logentry"}}, {"model": "auth.permission", "pk": 3, "fields": {"name": "Can delete log entry", "content_type": 1, "codename": "delete_logentry"}}, {"model": "auth.permission", "pk": 4, "fields": {"name": "Can view log entry", "content_type": 1, "codename": "view_logentry"}}, {"model": "auth.permission", "pk": 5, "fields": {"name": "Can add permission", "content_type": 2, "codename": "add_permission"}}, {"model": "auth.permission", "pk": 6, "fields": {"name": "Can change permission", "content_type": 2, "codename": "change_permission"}}, {"model": "auth.permission", "pk": 7, "fields": {"name": "Can delete permission", "content_type": 2, "codename": "delete_permission"}}, {"model": "auth.permission", "pk": 8, "fields": {"name": "Can view permission", "content_type": 2, "codename": "view_permission"}}, {"model": "auth.permission", "pk": 9, "fields": {"name": "Can add group", "content_type": 3, "codename": "add_group"}}, {"model": "auth.permission", "pk": 10, "fields": {"name": "Can change group", "content_type": 3, "codename": "change_group"}}, {"model": "auth.permission", "pk": 11, "fields": {"name": "Can delete group", "content_type": 3, "codename": "delete_group"}}, {"model": "auth.permission", "pk": 12, "fields": {"name": "Can view group", "content_type": 3, "codename": "view_group"}}, {"model": "auth.permission", "pk": 13, "fields": {"name": "Can add user", "content_type": 4, "codename": "add_user"}}, {"model": "auth.permission", "pk": 14, "fields": {"name": "Can change user", "content_type": 4, "codename": "change_user"}}, {"model": "auth.permission", "pk": 15, "fields": {"name": "Can delete user", "content_type": 4, "codename": "delete_user"}}, {"model": "auth.permission", "pk": 16, "fields": {"name": "Can view user", "content_type": 4, "codename": "view_user"}}, {"model": "auth.permission", "pk": 17, "fields": {"name": "Can add content type", "content_type": 5, "codename": "add_contenttype"}}, {"model": "auth.permission", "pk": 18, "fields": {"name": "Can change content type", "content_type": 5, "codename": "change_contenttype"}}, {"model": "auth.permission", "pk": 19, "fields": {"name": "Can delete content type", "content_type": 5, "codename": "delete_contenttype"}}, {"model": "auth.permission", "pk": 20, "fields": {"name": "Can view content type", "content_type": 5, "codename": "view_contenttype"}}, {"model": "auth.permission", "pk": 21, "fields": {"name": "Can add session", "content_type": 6, "codename": "add_session"}}, {"model": "auth.permission", "pk": 22, "fields": {"name": "Can change session", "content_type": 6, "codename": "change_session"}}, {"model": "auth.permission", "pk": 23, "fields": {"name": "Can delete session", "content_type": 6, "codename": "delete_session"}}, {"model": "auth.permission", "pk": 24, "fields": {"name": "Can view session", "content_type": 6, "codename": "view_session"}}, {"model": "auth.permission", "pk": 25, "fields": {"name": "Can add blog", "content_type": 7, "codename": "add_blog"}}, {"model": "auth.permission", "pk": 26, "fields": {"name": "Can change blog", "content_type": 7, "codename": "change_blog"}}, {"model": "auth.permission", "pk": 27, "fields": {"name": "Can delete blog", "content_type": 7, "codename": "delete_blog"}}, {"model": "auth.permission", "pk": 28, "fields": {"name": "Can view blog", "content_type": 7, "codename": "view_blog"}}, {"model": "auth.permission", "pk": 29, "fields": {"name": "Can add blog type", "content_type": 8, "codename": "add_blogtype"}}, {"model": "auth.permission", "pk": 30, "fields": {"name": "Can change blog type", "content_type": 8, "codename": "change_blogtype"}}, {"model": "auth.permission", "pk": 31, "fields": {"name": "Can delete blog type", "content_type": 8, "codename": "delete_blogtype"}}, {"model": "auth.permission", "pk": 32, "fields": {"name": "Can view blog type", "content_type": 8, "codename": "view_blogtype"}}, {"model": "auth.permission", "pk": 33, "fields": {"name": "Can add read num", "content_type": 9, "codename": "add_readnum"}}, {"model": "auth.permission", "pk": 34, "fields": {"name": "Can change read num", "content_type": 9, "codename": "change_readnum"}}, {"model": "auth.permission", "pk": 35, "fields": {"name": "Can delete read num", "content_type": 9, "codename": "delete_readnum"}}, {"model": "auth.permission", "pk": 36, "fields": {"name": "Can view read num", "content_type": 9, "codename": "view_readnum"}}, {"model": "auth.permission", "pk": 37, "fields": {"name": "Can add read num", "content_type": 10, "codename": "add_readnum"}}, {"model": "auth.permission", "pk": 38, "fields": {"name": "Can change read num", "content_type": 10, "codename": "change_readnum"}}, {"model": "auth.permission", "pk": 39, "fields": {"name": "Can delete read num", "content_type": 10, "codename": "delete_readnum"}}, {"model": "auth.permission", "pk": 40, "fields": {"name": "Can view read num", "content_type": 10, "codename": "view_readnum"}}, {"model": "auth.permission", "pk": 41, "fields": {"name": "Can add read detail", "content_type": 11, "codename": "add_readdetail"}}, {"model": "auth.permission", "pk": 42, "fields": {"name": "Can change read detail", "content_type": 11, "codename": "change_readdetail"}}, {"model": "auth.permission", "pk": 43, "fields": {"name": "Can delete read detail", "content_type": 11, "codename": "delete_readdetail"}}, {"model": "auth.permission", "pk": 44, "fields": {"name": "Can view read detail", "content_type": 11, "codename": "view_readdetail"}}, {"model": "auth.permission", "pk": 45, "fields": {"name": "Can add comment", "content_type": 12, "codename": "add_comment"}}, {"model": "auth.permission", "pk": 46, "fields": {"name": "Can change comment", "content_type": 12, "codename": "change_comment"}}, {"model": "auth.permission", "pk": 47, "fields": {"name": "Can delete comment", "content_type": 12, "codename": "delete_comment"}}, {"model": "auth.permission", "pk": 48, "fields": {"name": "Can view comment", "content_type": 12, "codename": "view_comment"}}, {"model": "auth.permission", "pk": 49, "fields": {"name": "Can add like num", "content_type": 13, "codename": "add_likenum"}}, {"model": "auth.permission", "pk": 50, "fields": {"name": "Can change like num", "content_type": 13, "codename": "change_likenum"}}, {"model": "auth.permission", "pk": 51, "fields": {"name": "Can delete like num", "content_type": 13, "codename": "delete_likenum"}}, {"model": "auth.permission", "pk": 52, "fields": {"name": "Can view like num", "content_type": 13, "codename": "view_likenum"}}, {"model": "auth.permission", "pk": 53, "fields": {"name": "Can add like record", "content_type": 14, "codename": "add_likerecord"}}, {"model": "auth.permission", "pk": 54, "fields": {"name": "Can change like record", "content_type": 14, "codename": "change_likerecord"}}, {"model": "auth.permission", "pk": 55, "fields": {"name": "Can delete like record", "content_type": 14, "codename": "delete_likerecord"}}, {"model": "auth.permission", "pk": 56, "fields": {"name": "Can view like record", "content_type": 14, "codename": "view_likerecord"}}, {"model": "auth.permission", "pk": 57, "fields": {"name": "Can add like count", "content_type": 13, "codename": "add_likecount"}}, {"model": "auth.permission", "pk": 58, "fields": {"name": "Can change like count", "content_type": 13, "codename": "change_likecount"}}, {"model": "auth.permission", "pk": 59, "fields": {"name": "Can delete like count", "content_type": 13, "codename": "delete_likecount"}}, {"model": "auth.permission", "pk": 60, "fields": {"name": "Can view like count", "content_type": 13, "codename": "view_likecount"}}, {"model": "auth.permission", "pk": 61, "fields": {"name": "Can add captcha store", "content_type": 15, "codename": "add_captchastore"}}, {"model": "auth.permission", "pk": 62, "fields": {"name": "Can change captcha store", "content_type": 15, "codename": "change_captchastore"}}, {"model": "auth.permission", "pk": 63, "fields": {"name": "Can delete captcha store", "content_type": 15, "codename": "delete_captchastore"}}, {"model": "auth.permission", "pk": 64, "fields": {"name": "Can view captcha store", "content_type": 15, "codename": "view_captchastore"}}, {"model": "auth.permission", "pk": 65, "fields": {"name": "Can add profile", "content_type": 16, "codename": "add_profile"}}, {"model": "auth.permission", "pk": 66, "fields": {"name": "Can change profile", "content_type": 16, "codename": "change_profile"}}, {"model": "auth.permission", "pk": 67, "fields": {"name": "Can delete profile", "content_type": 16, "codename": "delete_profile"}}, {"model": "auth.permission", "pk": 68, "fields": {"name": "Can view profile", "content_type": 16, "codename": "view_profile"}}, {"model": "auth.permission", "pk": 69, "fields": {"name": "Can add user config", "content_type": 17, "codename": "add_userconfig"}}, {"model": "auth.permission", "pk": 70, "fields": {"name": "Can change user config", "content_type": 17, "codename": "change_userconfig"}}, {"model": "auth.permission", "pk": 71, "fields": {"name": "Can delete user config", "content_type": 17, "codename": "delete_userconfig"}}, {"model": "auth.permission", "pk": 72, "fields": {"name": "Can view user config", "content_type": 17, "codename": "view_userconfig"}}, {"model": "auth.user", "pk": 1, "fields": {"password": "pbkdf2_sha256$120000$ejn84s2QLBK7$vvd6GieLPDW56ky9qspO5Kyo4WTB2nWvJVhL/F2fJOg=", "last_login": "2019-11-22T11:05:44.372", "is_superuser": true, "username": "hjy", "first_name": "", "last_name": "", "email": "1054851480@qq.com", "is_staff": true, "is_active": true, "date_joined": "2019-09-30T03:46:00", "groups": [], "user_permissions": []}}, {"model": "auth.user", "pk": 2, "fields": {"password": "pbkdf2_sha256$120000$CHscIhrNs8sO$Z8fqZ03uPo8phEpvnqs6SuNrZKC2T3BMBnmlblCUwzc=", "last_login": "2019-11-18T20:53:46.666", "is_superuser": false, "username": "test", "first_name": "", "last_name": "", "email": "", "is_staff": false, "is_active": true, "date_joined": "2019-10-22T12:23:00", "groups": [], "user_permissions": []}}, {"model": "auth.user", "pk": 3, "fields": {"password": "pbkdf2_sha256$120000$u47yj5bD34TY$ntJlAAscsd0hq8dZ9WR47QO9ZBKZ67IDx/mjpQH9cms=", "last_login": "2019-11-15T17:50:45.132", "is_superuser": false, "username": "hqx", "first_name": "", "last_name": "", "email": "test12345test1234@163.com", "is_staff": false, "is_active": true, "date_joined": "2019-11-07T20:00:00", "groups": [], "user_permissions": []}}, {"model": "auth.user", "pk": 4, "fields": {"password": "pbkdf2_sha256$120000$9Mb7kp2JqJNt$jiV8Tb8EXnqxyg8nsuUt6VuAFOdQT2KZOVVWPbaoPxs=", "last_login": "2019-11-18T18:31:00", "is_superuser": false, "username": "yxs", "first_name": "", "last_name": "", "email": "", "is_staff": false, "is_active": true, "date_joined": "2019-11-18T18:31:00", "groups": [], "user_permissions": []}}, {"model": "blog.blog", "pk": 2, "fields": {"title": "\u5973\u795e\u5f02\u95fb\u5f555", "content": "<p><span class=\"marker\">Persona 5 is a extraordinary japanese RPG game.<img alt=\"\" src=\"/media/upload/2019/10/16/index.jpg\" style=\"height:608px; width:1080px\" /></span></p>", "author": 1, "blog_type": 1, "create_time": "2019-10-15T08:26:20.956", "last_updated_time": "2019-10-16T02:43:39.547"}}, {"model": "blog.blog", "pk": 3, "fields": {"title": "123", "content": "123", "author": 1, "blog_type": 2, "create_time": "2019-10-15T08:26:18.495", "last_updated_time": "2019-10-16T02:43:55.118"}}, {"model": "blog.blog", "pk": 4, "fields": {"title": "333", "content": "3r12rghdaf", "author": 1, "blog_type": 3, "create_time": "2019-10-15T08:26:16.360", "last_updated_time": "2019-10-16T02:43:56.980"}}, {"model": "blog.blog", "pk": 5, "fields": {"title": "121223", "content": "affgsg", "author": 1, "blog_type": 1, "create_time": "2019-10-15T08:26:13.475", "last_updated_time": "2019-10-16T02:43:57.655"}}, {"model": "blog.blog", "pk": 6, "fields": {"title": "for 1", "content": "xxxx 1", "author": 1, "blog_type": 1, "create_time": "2019-10-15T08:26:11.261", "last_updated_time": "2019-10-16T02:44:00.773"}}, {"model": "blog.blog", "pk": 7, "fields": {"title": "for 2", "content": "xxxx 2", "author": 1, "blog_type": 1, "create_time": "2019-10-15T08:26:09.135", "last_updated_time": "2019-10-15T08:26:09.135"}}, {"model": "blog.blog", "pk": 8, "fields": {"title": "for 3", "content": "xxxx 3", "author": 1, "blog_type": 1, "create_time": "2019-10-15T08:26:05.501", "last_updated_time": "2019-10-15T08:26:05.501"}}, {"model": "blog.blog", "pk": 9, "fields": {"title": "for 4", "content": "xxxx 4", "author": 1, "blog_type": 1, "create_time": "2019-10-15T08:26:02.897", "last_updated_time": "2019-10-15T08:26:02.897"}}, {"model": "blog.blog", "pk": 10, "fields": {"title": "for 5", "content": "xxxx 5", "author": 1, "blog_type": 1, "create_time": "2019-10-15T08:26:00.508", "last_updated_time": "2019-10-15T08:26:00.508"}}, {"model": "blog.blog", "pk": 11, "fields": {"title": "for 6", "content": "xxxx 6", "author": 1, "blog_type": 1, "create_time": "2019-10-15T08:25:57.604", "last_updated_time": "2019-10-15T08:25:57.604"}}, {"model": "blog.blog", "pk": 12, "fields": {"title": "for 7", "content": "xxxx 7", "author": 1, "blog_type": 1, "create_time": "2019-10-15T08:25:54.732", "last_updated_time": "2019-10-15T08:25:54.732"}}, {"model": "blog.blog", "pk": 13, "fields": {"title": "for 8", "content": "xxxx 8", "author": 1, "blog_type": 1, "create_time": "2019-10-15T08:25:51.899", "last_updated_time": "2019-10-15T08:25:51.899"}}, {"model": "blog.blog", "pk": 14, "fields": {"title": "for 9", "content": "xxxx 9", "author": 1, "blog_type": 1, "create_time": "2019-10-15T08:25:49.027", "last_updated_time": "2019-10-15T08:25:49.027"}}, {"model": "blog.blog", "pk": 15, "fields": {"title": "for 10", "content": "xxxx 10", "author": 1, "blog_type": 1, "create_time": "2019-10-15T08:25:46.331", "last_updated_time": "2019-10-15T08:25:46.331"}}, {"model": "blog.blog", "pk": 16, "fields": {"title": "for 11", "content": "xxxx 11", "author": 1, "blog_type": 1, "create_time": "2019-10-15T08:25:43.755", "last_updated_time": "2019-10-15T08:25:43.755"}}, {"model": "blog.blog", "pk": 17, "fields": {"title": "for 12", "content": "xxxx 12", "author": 1, "blog_type": 1, "create_time": "2019-10-15T08:25:41.122", "last_updated_time": "2019-10-15T08:25:41.122"}}, {"model": "blog.blog", "pk": 18, "fields": {"title": "for 13", "content": "xxxx 13", "author": 1, "blog_type": 1, "create_time": "2019-10-15T08:24:44.845", "last_updated_time": "2019-10-15T08:24:44.845"}}, {"model": "blog.blog", "pk": 19, "fields": {"title": "for 14", "content": "xxxx 14", "author": 1, "blog_type": 1, "create_time": "2019-10-15T08:24:42.275", "last_updated_time": "2019-10-15T08:24:42.275"}}, {"model": "blog.blog", "pk": 20, "fields": {"title": "for 15", "content": "xxxx 15", "author": 1, "blog_type": 1, "create_time": "2019-10-15T08:24:39.560", "last_updated_time": "2019-10-15T08:24:39.560"}}, {"model": "blog.blog", "pk": 21, "fields": {"title": "for 16", "content": "xxxx 16", "author": 1, "blog_type": 1, "create_time": "2019-10-15T08:24:36.736", "last_updated_time": "2019-10-15T08:24:36.736"}}, {"model": "blog.blog", "pk": 22, "fields": {"title": "for 17", "content": "xxxx 17", "author": 1, "blog_type": 1, "create_time": "2019-10-15T08:24:33.962", "last_updated_time": "2019-10-15T08:24:33.962"}}, {"model": "blog.blog", "pk": 23, "fields": {"title": "for 18", "content": "xxxx 18", "author": 1, "blog_type": 1, "create_time": "2019-10-15T08:24:30.494", "last_updated_time": "2019-10-15T08:24:30.494"}}, {"model": "blog.blog", "pk": 24, "fields": {"title": "for 19", "content": "xxxx 19", "author": 1, "blog_type": 1, "create_time": "2019-10-15T08:24:26.576", "last_updated_time": "2019-10-16T02:32:44.248"}}, {"model": "blog.blog", "pk": 25, "fields": {"title": "for 20", "content": "xxxx 20", "author": 1, "blog_type": 1, "create_time": "2019-10-15T08:24:04.831", "last_updated_time": "2019-10-15T08:24:04.831"}}, {"model": "blog.blog", "pk": 26, "fields": {"title": "for 21", "content": "xxxx 21", "author": 1, "blog_type": 1, "create_time": "2019-10-15T08:24:07.567", "last_updated_time": "2019-10-15T08:24:07.567"}}, {"model": "blog.blog", "pk": 27, "fields": {"title": "for 22", "content": "xxxx 22", "author": 1, "blog_type": 1, "create_time": "2019-10-15T08:24:01.930", "last_updated_time": "2019-10-15T08:24:01.930"}}, {"model": "blog.blog", "pk": 28, "fields": {"title": "for 23", "content": "xxxx 23", "author": 1, "blog_type": 1, "create_time": "2019-10-15T08:23:59.338", "last_updated_time": "2019-10-15T08:23:59.338"}}, {"model": "blog.blog", "pk": 29, "fields": {"title": "for 24", "content": "xxxx 24", "author": 1, "blog_type": 1, "create_time": "2019-10-15T08:23:56.698", "last_updated_time": "2019-10-15T08:23:56.698"}}, {"model": "blog.blog", "pk": 30, "fields": {"title": "for 25", "content": "xxxx 25", "author": 1, "blog_type": 1, "create_time": "2019-10-15T08:23:53.681", "last_updated_time": "2019-10-15T08:23:53.681"}}, {"model": "blog.blog", "pk": 31, "fields": {"title": "for 26", "content": "xxxx 26", "author": 1, "blog_type": 1, "create_time": "2019-10-15T08:23:50.054", "last_updated_time": "2019-10-15T08:23:50.054"}}, {"model": "blog.blog", "pk": 32, "fields": {"title": "for 27", "content": "xxxx 27", "author": 1, "blog_type": 1, "create_time": "2019-10-15T08:23:08.290", "last_updated_time": "2019-10-15T08:23:08.290"}}, {"model": "blog.blog", "pk": 33, "fields": {"title": "for 28", "content": "xxxx 28", "author": 1, "blog_type": 1, "create_time": "2019-10-15T08:23:00.817", "last_updated_time": "2019-10-15T08:23:00.817"}}, {"model": "blog.blog", "pk": 34, "fields": {"title": "for 29", "content": "xxxx 29", "author": 1, "blog_type": 1, "create_time": "2019-10-15T08:22:55.734", "last_updated_time": "2019-10-15T08:22:55.734"}}, {"model": "blog.blog", "pk": 35, "fields": {"title": "for 30", "content": "xxxx 30", "author": 1, "blog_type": 1, "create_time": "2019-10-15T08:22:47.804", "last_updated_time": "2019-10-15T08:22:47.804"}}, {"model": "blog.blog", "pk": 36, "fields": {"title": "\u968f\u7b14 2019.10.19", "content": "<p>\u4eca\u65e5\u5982\u5f80\u5e38\uff0c\u6ca1\u6709\u529e\u6cd5\u3002</p>", "author": 1, "blog_type": 2, "create_time": "2019-10-19T08:42:38.260", "last_updated_time": "2019-10-19T08:42:38.260"}}, {"model": "blog.blog", "pk": 37, "fields": {"title": "\u6d6e\u751f\u65e5\u8bb0 2019.10.21 \u9634", "content": "<p>\u4eca\u5929\u65e9\u4e0a\u8d77\u6765\uff0c\u53d1\u73b0\u6628\u591c\u4e0b\u8fc7\u96e8\u3002</p>", "author": 1, "blog_type": 2, "create_time": "2019-10-21T02:59:13.355", "last_updated_time": "2019-10-21T02:59:13.355"}}, {"model": "blog.blog", "pk": 38, "fields": {"title": "\u6d6e\u751f\u65e5\u8bb0 2019.10.22 \u96e8", "content": "<p>\u4eca\u5929\u6211\u53bb\u770b\u4e86gre\u7684\u5b98\u7f51\uff0c\u51c6\u786e\u7684\u8bf4\u662f\u6628\u5929\u665a\u4e0a\uff0c\u6211\u7684aw\u6ca1\u67092\u5206\u800c\u662f3.5\u5206\u3002\u8fd8\u4e0d\u9519\u7684\u7ed3\u679c\u3002</p>", "author": 1, "blog_type": 2, "create_time": "2019-10-22T11:13:27.855", "last_updated_time": "2019-10-22T11:13:27.855"}}, {"model": "blog.blog", "pk": 39, "fields": {"title": "2019.10.26 \u96e8 \u6d6e\u751f\u65e5\u8bb0", "content": "<p>\u96e8</p>", "author": 1, "blog_type": 2, "create_time": "2019-10-26T19:22:27.788", "last_updated_time": "2019-10-26T19:22:27.788"}}, {"model": "blog.blog", "pk": 40, "fields": {"title": "2019.11.4 \u96e8 \u6d6e\u751f\u65e5\u8bb0", "content": "<p>\u4eca\u5929\u53c8\u4e0b\u96e8\u4e86\u3002\u7237\u7684yeezy\u5230\u4e86\u3002\u7237\u7ed9\u8001\u5e08\u53d1\u4e86\u90ae\u4ef6\u5374\u6ca1\u6709\u5f97\u5230\u56de\u590d\u3002\u7237\u4e0d\u77e5\u9053\u8001\u5e08\u662f\u6ca1\u770b\u89c1\u8fd8\u662f\u6545\u610f\u4e0d\u56de\u590d\u3002</p>", "author": 1, "blog_type": 2, "create_time": "2019-11-04T20:48:17.670", "last_updated_time": "2019-11-04T20:48:17.670"}}, {"model": "blog.blog", "pk": 41, "fields": {"title": "LRU\u7b97\u6cd5\u7684\u5b9e\u73b0\u548credis\u4e2d\u8be5\u7b97\u6cd5\u7684\u5b9e\u73b0", "content": "<p>\u4f7f\u7528hashmap+\u53cc\u5411\u94fe\u8868\u5b9e\u73b0lru</p>\r\n\r\n<p>\u4f7f\u7528hashmap\u4f7f\u5f97save key\u548cget key\u7684\u65f6\u95f4\u590d\u6742\u5ea6\u5747\u4e3aO(1),\u4f7f\u7528\u53cc\u5411\u94fe\u8868\u5b9e\u73b0\u9875\u9762\u7684\u63d2\u5165\u548c\u5220\u9664\u3002</p>", "author": 1, "blog_type": 4, "create_time": "2019-11-13T19:12:26.944", "last_updated_time": "2019-11-13T19:12:26.944"}}, {"model": "comment.comment", "pk": 1, "fields": {"content_type": 7, "object_id": 36, "text": "test", "date": "2019-10-20T12:20:38.776", "author": 1, "reply_to": null, "parent": null, "root": null}}, {"model": "comment.comment", "pk": 5, "fields": {"content_type": 7, "object_id": 36, "text": "\u8fd9\u662f\u4e00\u6761\u8bc4\u8bba", "date": "2019-10-20T12:42:18.979", "author": 1, "reply_to": null, "parent": null, "root": null}}, {"model": "comment.comment", "pk": 6, "fields": {"content_type": 7, "object_id": 36, "text": "This is a comment!\r\n", "date": "2019-10-20T12:42:59.924", "author": 1, "reply_to": null, "parent": null, "root": null}}, {"model": "comment.comment", "pk": 7, "fields": {"content_type": 7, "object_id": 36, "text": "nihso", "date": "2019-10-20T13:06:49.180", "author": 1, "reply_to": null, "parent": null, "root": null}}, {"model": "comment.comment", "pk": 8, "fields": {"content_type": 7, "object_id": 36, "text": "\u6211\u6700\u8fd1\u5fc3\u60c5\u5f88\u4e0d\u597d\uff0c\u6211\u4e5f\u4e0d\u77e5\u9053\u4e3a\u4ec0\u4e48", "date": "2019-10-21T02:41:36.522", "author": 1, "reply_to": null, "parent": null, "root": null}}, {"model": "comment.comment", "pk": 9, "fields": {"content_type": 7, "object_id": 37, "text": "\u597d\uff01", "date": "2019-10-21T02:59:44.892", "author": 1, "reply_to": null, "parent": null, "root": null}}, {"model": "comment.comment", "pk": 10, "fields": {"content_type": 7, "object_id": 37, "text": "\u6211\u5f88\u96be\u53d7", "date": "2019-10-21T02:59:50.937", "author": 1, "reply_to": null, "parent": null, "root": null}}, {"model": "comment.comment", "pk": 11, "fields": {"content_type": 7, "object_id": 37, "text": "very well!", "date": "2019-10-22T12:23:34.978", "author": 2, "reply_to": null, "parent": null, "root": null}}, {"model": "comment.comment", "pk": 12, "fields": {"content_type": 7, "object_id": 38, "text": "good!", "date": "2019-10-22T17:27:00.646", "author": 1, "reply_to": null, "parent": null, "root": null}}, {"model": "comment.comment", "pk": 13, "fields": {"content_type": 7, "object_id": 37, "text": "\u4eca\u5929\u8fd8\u662f\u5f88\u96be\u53d7\u3002", "date": "2019-10-23T10:32:31.150", "author": 2, "reply_to": null, "parent": null, "root": null}}, {"model": "comment.comment", "pk": 14, "fields": {"content_type": 7, "object_id": 37, "text": "123", "date": "2019-10-23T11:23:59.047", "author": 2, "reply_to": null, "parent": null, "root": null}}, {"model": "comment.comment", "pk": 15, "fields": {"content_type": 7, "object_id": 37, "text": "123", "date": "2019-10-23T11:35:06.949", "author": 2, "reply_to": null, "parent": null, "root": null}}, {"model": "comment.comment", "pk": 16, "fields": {"content_type": 7, "object_id": 37, "text": "<p>trqee</p>", "date": "2019-10-23T12:11:47.760", "author": 1, "reply_to": null, "parent": null, "root": null}}, {"model": "comment.comment", "pk": 17, "fields": {"content_type": 7, "object_id": 37, "text": "<p>haomajiuhzhe</p>", "date": "2019-10-23T12:11:55.037", "author": 1, "reply_to": null, "parent": null, "root": null}}, {"model": "comment.comment", "pk": 18, "fields": {"content_type": 7, "object_id": 38, "text": "<p>1</p>", "date": "2019-10-24T05:10:27.637", "author": 1, "reply_to": null, "parent": null, "root": null}}, {"model": "comment.comment", "pk": 19, "fields": {"content_type": 7, "object_id": 38, "text": "<p>2</p>", "date": "2019-10-24T05:13:00.148", "author": 1, "reply_to": null, "parent": null, "root": null}}, {"model": "comment.comment", "pk": 20, "fields": {"content_type": 7, "object_id": 38, "text": "<p>11111</p>", "date": "2019-10-24T05:13:07.007", "author": 1, "reply_to": null, "parent": null, "root": null}}, {"model": "comment.comment", "pk": 21, "fields": {"content_type": 7, "object_id": 38, "text": "<p>11111</p>", "date": "2019-10-24T05:13:07.209", "author": 1, "reply_to": null, "parent": null, "root": null}}, {"model": "comment.comment", "pk": 22, "fields": {"content_type": 7, "object_id": 38, "text": "<p>11111</p>", "date": "2019-10-24T05:13:07.402", "author": 1, "reply_to": null, "parent": null, "root": null}}, {"model": "comment.comment", "pk": 23, "fields": {"content_type": 7, "object_id": 38, "text": "<p>11111</p>", "date": "2019-10-24T05:13:07.593", "author": 1, "reply_to": null, "parent": null, "root": null}}, {"model": "comment.comment", "pk": 24, "fields": {"content_type": 7, "object_id": 38, "text": "<p>11111</p>", "date": "2019-10-24T05:13:07.784", "author": 1, "reply_to": null, "parent": null, "root": null}}, {"model": "comment.comment", "pk": 25, "fields": {"content_type": 7, "object_id": 38, "text": "<p>12345678</p>", "date": "2019-10-24T05:17:24.191", "author": 1, "reply_to": null, "parent": null, "root": null}}, {"model": "comment.comment", "pk": 26, "fields": {"content_type": 7, "object_id": 38, "text": "<p>789</p>", "date": "2019-10-24T05:20:44.861", "author": 1, "reply_to": null, "parent": null, "root": null}}, {"model": "comment.comment", "pk": 27, "fields": {"content_type": 7, "object_id": 2, "text": "<p>123</p>", "date": "2019-10-24T05:31:13.139", "author": 1, "reply_to": null, "parent": null, "root": null}}, {"model": "comment.comment", "pk": 28, "fields": {"content_type": 7, "object_id": 2, "text": "<p>good</p>", "date": "2019-10-24T05:41:18.553", "author": 1, "reply_to": null, "parent": null, "root": null}}, {"model": "comment.comment", "pk": 29, "fields": {"content_type": 7, "object_id": 2, "text": "<p><strong>11</strong></p>", "date": "2019-10-24T05:45:42.870", "author": 1, "reply_to": null, "parent": null, "root": null}}, {"model": "comment.comment", "pk": 30, "fields": {"content_type": 7, "object_id": 6, "text": "<p>123</p>", "date": "2019-10-24T05:46:16.926", "author": 1, "reply_to": null, "parent": null, "root": null}}, {"model": "comment.comment", "pk": 31, "fields": {"content_type": 7, "object_id": 11, "text": "<p>1</p>", "date": "2019-10-24T05:50:03.216", "author": 1, "reply_to": null, "parent": null, "root": null}}, {"model": "comment.comment", "pk": 32, "fields": {"content_type": 7, "object_id": 11, "text": "<p>2</p>", "date": "2019-10-24T05:50:06.232", "author": 1, "reply_to": null, "parent": null, "root": null}}, {"model": "comment.comment", "pk": 33, "fields": {"content_type": 7, "object_id": 11, "text": "<p>k</p>", "date": "2019-10-24T05:50:29.423", "author": 1, "reply_to": null, "parent": null, "root": null}}, {"model": "comment.comment", "pk": 34, "fields": {"content_type": 7, "object_id": 11, "text": "<p>1</p>", "date": "2019-10-24T05:53:19.289", "author": 1, "reply_to": null, "parent": null, "root": null}}, {"model": "comment.comment", "pk": 35, "fields": {"content_type": 7, "object_id": 11, "text": "<p>1</p>", "date": "2019-10-24T13:55:30.442", "author": 1, "reply_to": null, "parent": null, "root": null}}, {"model": "comment.comment", "pk": 36, "fields": {"content_type": 7, "object_id": 11, "text": "<p>234</p>", "date": "2019-10-24T13:55:37.921", "author": 1, "reply_to": null, "parent": null, "root": null}}, {"model": "comment.comment", "pk": 37, "fields": {"content_type": 7, "object_id": 38, "text": "<p>very well</p>", "date": "2019-10-24T13:58:15.557", "author": 1, "reply_to": null, "parent": null, "root": null}}, {"model": "comment.comment", "pk": 38, "fields": {"content_type": 7, "object_id": 3, "text": "<p>tree</p>", "date": "2019-10-26T11:19:40.646", "author": 1, "reply_to": null, "parent": null, "root": null}}, {"model": "comment.comment", "pk": 39, "fields": {"content_type": 7, "object_id": 3, "text": "tree222", "date": "2019-10-26T11:24:06.213", "author": 2, "reply_to": 1, "parent": 38, "root": 38}}, {"model": "comment.comment", "pk": 40, "fields": {"content_type": 7, "object_id": 38, "text": "<p>123</p>", "date": "2019-10-26T16:39:37.531", "author": 1, "reply_to": null, "parent": null, "root": null}}, {"model": "comment.comment", "pk": 41, "fields": {"content_type": 7, "object_id": 38, "text": "<p>123\u7684\u8bc4\u8bba</p>", "date": "2019-10-26T16:56:45.898", "author": 1, "reply_to": 1, "parent": 40, "root": 40}}, {"model": "comment.comment", "pk": 42, "fields": {"content_type": 7, "object_id": 38, "text": "<p>123\u7684\u8bc4\u8bba</p>", "date": "2019-10-26T16:56:58.260", "author": 1, "reply_to": 1, "parent": 41, "root": 40}}, {"model": "comment.comment", "pk": 43, "fields": {"content_type": 7, "object_id": 38, "text": "<p>456</p>", "date": "2019-10-26T16:57:12.704", "author": 1, "reply_to": 1, "parent": 41, "root": 40}}, {"model": "comment.comment", "pk": 44, "fields": {"content_type": 7, "object_id": 38, "text": "<p>123tree</p>", "date": "2019-10-26T17:31:46.688", "author": 1, "reply_to": null, "parent": null, "root": null}}, {"model": "comment.comment", "pk": 45, "fields": {"content_type": 7, "object_id": 38, "text": "<p>123</p>", "date": "2019-10-26T17:32:52.372", "author": 1, "reply_to": 1, "parent": 44, "root": 44}}, {"model": "comment.comment", "pk": 46, "fields": {"content_type": 7, "object_id": 38, "text": "<p>345</p>", "date": "2019-10-26T17:33:09.978", "author": 1, "reply_to": 1, "parent": 45, "root": 44}}, {"model": "comment.comment", "pk": 47, "fields": {"content_type": 7, "object_id": 38, "text": "<p>123</p>", "date": "2019-10-26T17:33:16.112", "author": 1, "reply_to": 1, "parent": 46, "root": 44}}, {"model": "comment.comment", "pk": 48, "fields": {"content_type": 7, "object_id": 38, "text": "<p>123</p>", "date": "2019-10-26T17:33:50.456", "author": 1, "reply_to": 1, "parent": 44, "root": 44}}, {"model": "comment.comment", "pk": 49, "fields": {"content_type": 7, "object_id": 38, "text": "<p>123treee</p>", "date": "2019-10-26T17:39:23.461", "author": 1, "reply_to": 1, "parent": 44, "root": 44}}, {"model": "comment.comment", "pk": 50, "fields": {"content_type": 7, "object_id": 38, "text": "<p>123344</p>", "date": "2019-10-26T17:39:34.000", "author": 1, "reply_to": null, "parent": null, "root": null}}, {"model": "comment.comment", "pk": 51, "fields": {"content_type": 7, "object_id": 38, "text": "<p>123</p>", "date": "2019-10-26T17:40:15.882", "author": 1, "reply_to": 1, "parent": 50, "root": 50}}, {"model": "comment.comment", "pk": 52, "fields": {"content_type": 7, "object_id": 8, "text": "<p>123</p>", "date": "2019-10-26T17:41:56.856", "author": 1, "reply_to": null, "parent": null, "root": null}}, {"model": "comment.comment", "pk": 53, "fields": {"content_type": 7, "object_id": 8, "text": "<p>456</p>", "date": "2019-10-26T17:42:06.463", "author": 1, "reply_to": 1, "parent": 52, "root": 52}}, {"model": "comment.comment", "pk": 54, "fields": {"content_type": 7, "object_id": 8, "text": "<p>567</p>", "date": "2019-10-26T17:42:18.634", "author": 1, "reply_to": 1, "parent": 53, "root": 52}}, {"model": "comment.comment", "pk": 55, "fields": {"content_type": 7, "object_id": 8, "text": "<p>hhh</p>", "date": "2019-10-26T17:42:25.330", "author": 1, "reply_to": 1, "parent": 53, "root": 52}}, {"model": "comment.comment", "pk": 56, "fields": {"content_type": 7, "object_id": 8, "text": "<p>diaonima</p>", "date": "2019-10-26T17:42:31.885", "author": 1, "reply_to": 1, "parent": 52, "root": 52}}, {"model": "comment.comment", "pk": 57, "fields": {"content_type": 7, "object_id": 8, "text": "<p>345</p>", "date": "2019-10-26T17:42:41.649", "author": 1, "reply_to": null, "parent": null, "root": null}}, {"model": "comment.comment", "pk": 58, "fields": {"content_type": 7, "object_id": 38, "text": "<p>111</p>", "date": "2019-10-26T19:34:26.621", "author": 1, "reply_to": null, "parent": null, "root": null}}, {"model": "comment.comment", "pk": 59, "fields": {"content_type": 7, "object_id": 38, "text": "<p>1234</p>", "date": "2019-10-26T19:53:10.060", "author": 1, "reply_to": null, "parent": null, "root": null}}, {"model": "comment.comment", "pk": 60, "fields": {"content_type": 7, "object_id": 38, "text": "<p>111</p>", "date": "2019-10-26T19:53:13.778", "author": 1, "reply_to": 1, "parent": 59, "root": 59}}, {"model": "comment.comment", "pk": 61, "fields": {"content_type": 7, "object_id": 38, "text": "<p>112</p>", "date": "2019-10-26T19:53:22.738", "author": 1, "reply_to": 1, "parent": 60, "root": 59}}, {"model": "comment.comment", "pk": 62, "fields": {"content_type": 7, "object_id": 38, "text": "<p>?</p>", "date": "2019-10-26T19:53:28.173", "author": 1, "reply_to": 1, "parent": 59, "root": 59}}, {"model": "comment.comment", "pk": 63, "fields": {"content_type": 7, "object_id": 11, "text": "<p><sub><sup><img alt=\"yes\" height=\"23\" src=\"http://localhost:8000/static/ckeditor/ckeditor/plugins/smiley/images/thumbs_up.png\" title=\"yes\" width=\"23\" /></sup></sub></p>", "date": "2019-10-26T20:12:50.067", "author": 1, "reply_to": null, "parent": null, "root": null}}, {"model": "comment.comment", "pk": 64, "fields": {"content_type": 7, "object_id": 3, "text": "<p>kkk</p>", "date": "2019-10-28T10:39:58.801", "author": 1, "reply_to": 2, "parent": 39, "root": 38}}, {"model": "comment.comment", "pk": 65, "fields": {"content_type": 7, "object_id": 39, "text": "<p>1</p>", "date": "2019-10-28T16:26:58.205", "author": 1, "reply_to": null, "parent": null, "root": null}}, {"model": "comment.comment", "pk": 66, "fields": {"content_type": 7, "object_id": 39, "text": "<p>1</p>", "date": "2019-10-28T16:41:16.778", "author": 1, "reply_to": null, "parent": null, "root": null}}, {"model": "comment.comment", "pk": 67, "fields": {"content_type": 7, "object_id": 39, "text": "<p>2</p>", "date": "2019-10-28T16:42:31.794", "author": 1, "reply_to": null, "parent": null, "root": null}}, {"model": "comment.comment", "pk": 68, "fields": {"content_type": 7, "object_id": 39, "text": "<p>3</p>", "date": "2019-10-28T16:42:35.470", "author": 1, "reply_to": null, "parent": null, "root": null}}, {"model": "comment.comment", "pk": 69, "fields": {"content_type": 7, "object_id": 38, "text": "<p>1</p>", "date": "2019-10-28T17:03:26.477", "author": 1, "reply_to": null, "parent": null, "root": null}}, {"model": "comment.comment", "pk": 70, "fields": {"content_type": 7, "object_id": 38, "text": "<p>1</p>", "date": "2019-10-28T17:08:17.551", "author": 1, "reply_to": null, "parent": null, "root": null}}, {"model": "comment.comment", "pk": 71, "fields": {"content_type": 7, "object_id": 38, "text": "<p>2</p>", "date": "2019-10-28T17:08:23.919", "author": 1, "reply_to": 1, "parent": 70, "root": 70}}, {"model": "comment.comment", "pk": 72, "fields": {"content_type": 7, "object_id": 38, "text": "<p>1</p>", "date": "2019-10-28T17:10:05.257", "author": 1, "reply_to": 1, "parent": 70, "root": 70}}, {"model": "comment.comment", "pk": 73, "fields": {"content_type": 7, "object_id": 3, "text": "<p>1</p>", "date": "2019-10-28T17:14:41.078", "author": 1, "reply_to": null, "parent": null, "root": null}}, {"model": "comment.comment", "pk": 74, "fields": {"content_type": 7, "object_id": 3, "text": "<p>22</p>", "date": "2019-10-28T17:14:45.988", "author": 1, "reply_to": 1, "parent": 73, "root": 73}}, {"model": "comment.comment", "pk": 75, "fields": {"content_type": 7, "object_id": 3, "text": "<p>2</p>", "date": "2019-10-28T17:18:22.942", "author": 1, "reply_to": null, "parent": null, "root": null}}, {"model": "comment.comment", "pk": 76, "fields": {"content_type": 7, "object_id": 3, "text": "<p>3</p>", "date": "2019-10-28T17:18:26.351", "author": 1, "reply_to": 1, "parent": 75, "root": 75}}, {"model": "comment.comment", "pk": 77, "fields": {"content_type": 7, "object_id": 3, "text": "<p>3</p>", "date": "2019-10-28T17:19:51.005", "author": 1, "reply_to": null, "parent": null, "root": null}}, {"model": "comment.comment", "pk": 78, "fields": {"content_type": 7, "object_id": 3, "text": "<p>4</p>", "date": "2019-10-28T17:19:53.343", "author": 1, "reply_to": 1, "parent": 77, "root": 77}}, {"model": "comment.comment", "pk": 79, "fields": {"content_type": 7, "object_id": 38, "text": "<p>k</p>", "date": "2019-10-29T19:21:52.754", "author": 1, "reply_to": null, "parent": null, "root": null}}, {"model": "comment.comment", "pk": 80, "fields": {"content_type": 7, "object_id": 38, "text": "<p>k</p>", "date": "2019-10-29T19:22:05.333", "author": 1, "reply_to": null, "parent": null, "root": null}}, {"model": "comment.comment", "pk": 81, "fields": {"content_type": 7, "object_id": 38, "text": "<p>2</p>", "date": "2019-10-29T19:28:29.768", "author": 1, "reply_to": null, "parent": null, "root": null}}, {"model": "comment.comment", "pk": 82, "fields": {"content_type": 7, "object_id": 38, "text": "<p>2</p>", "date": "2019-10-29T19:29:56.174", "author": 1, "reply_to": null, "parent": null, "root": null}}, {"model": "comment.comment", "pk": 83, "fields": {"content_type": 7, "object_id": 38, "text": "<p>3</p>", "date": "2019-10-29T19:30:08.110", "author": 1, "reply_to": null, "parent": null, "root": null}}, {"model": "comment.comment", "pk": 84, "fields": {"content_type": 7, "object_id": 38, "text": "<p>2</p>", "date": "2019-10-29T19:30:15.243", "author": 1, "reply_to": null, "parent": null, "root": null}}, {"model": "comment.comment", "pk": 85, "fields": {"content_type": 7, "object_id": 38, "text": "<p>2</p>", "date": "2019-10-29T19:30:17.464", "author": 1, "reply_to": null, "parent": null, "root": null}}, {"model": "comment.comment", "pk": 86, "fields": {"content_type": 7, "object_id": 38, "text": "<p>2</p>", "date": "2019-10-29T19:30:21.165", "author": 1, "reply_to": null, "parent": null, "root": null}}, {"model": "comment.comment", "pk": 87, "fields": {"content_type": 7, "object_id": 38, "text": "<p>3</p>", "date": "2019-10-29T19:30:50.345", "author": 1, "reply_to": null, "parent": null, "root": null}}, {"model": "comment.comment", "pk": 88, "fields": {"content_type": 7, "object_id": 38, "text": "<p>3</p>", "date": "2019-10-29T19:31:08.497", "author": 1, "reply_to": null, "parent": null, "root": null}}, {"model": "comment.comment", "pk": 89, "fields": {"content_type": 7, "object_id": 38, "text": "<p>2</p>", "date": "2019-10-29T19:38:04.553", "author": 1, "reply_to": null, "parent": null, "root": null}}, {"model": "comment.comment", "pk": 90, "fields": {"content_type": 7, "object_id": 38, "text": "<p>3</p>", "date": "2019-10-29T19:38:18.069", "author": 1, "reply_to": null, "parent": null, "root": null}}, {"model": "comment.comment", "pk": 91, "fields": {"content_type": 7, "object_id": 38, "text": "<p>3</p>", "date": "2019-10-29T19:38:54.975", "author": 1, "reply_to": null, "parent": null, "root": null}}, {"model": "comment.comment", "pk": 92, "fields": {"content_type": 7, "object_id": 38, "text": "<p>kkk</p>", "date": "2019-10-29T19:39:33.257", "author": 1, "reply_to": null, "parent": null, "root": null}}, {"model": "comment.comment", "pk": 93, "fields": {"content_type": 7, "object_id": 38, "text": "<p>2</p>", "date": "2019-10-29T19:41:41.306", "author": 1, "reply_to": null, "parent": null, "root": null}}, {"model": "comment.comment", "pk": 94, "fields": {"content_type": 7, "object_id": 38, "text": "<p>33</p>", "date": "2019-10-29T19:41:49.350", "author": 1, "reply_to": 1, "parent": 93, "root": 93}}, {"model": "comment.comment", "pk": 95, "fields": {"content_type": 7, "object_id": 38, "text": "<p>3</p>", "date": "2019-10-29T19:42:14.157", "author": 1, "reply_to": null, "parent": null, "root": null}}, {"model": "comment.comment", "pk": 96, "fields": {"content_type": 7, "object_id": 38, "text": "<p>1</p>", "date": "2019-10-30T10:15:56.537", "author": 1, "reply_to": null, "parent": null, "root": null}}, {"model": "comment.comment", "pk": 97, "fields": {"content_type": 7, "object_id": 38, "text": "<p>123</p>", "date": "2019-10-30T11:09:11.175", "author": 1, "reply_to": 1, "parent": 96, "root": 96}}, {"model": "comment.comment", "pk": 98, "fields": {"content_type": 7, "object_id": 39, "text": "<p>good</p>", "date": "2019-11-04T20:46:32.879", "author": 1, "reply_to": 1, "parent": 68, "root": 68}}, {"model": "comment.comment", "pk": 99, "fields": {"content_type": 7, "object_id": 40, "text": "<p>good</p>", "date": "2019-11-04T20:48:52.133", "author": 1, "reply_to": null, "parent": null, "root": null}}, {"model": "comment.comment", "pk": 100, "fields": {"content_type": 7, "object_id": 40, "text": "<p>\u6211\u60f3\u4ed6\u5e94\u8be5\u662f\u6545\u610f\u4e0d\u56de\u590d\u7684\uff0c\u5509\uff0c\u4e0d\u613f\u610f\u76f4\u63a5\u8bf4\u4e0d\u5c31\u884c\u4e86\u5417</p>", "date": "2019-11-06T11:03:54.850", "author": 2, "reply_to": null, "parent": null, "root": null}}, {"model": "comment.comment", "pk": 101, "fields": {"content_type": 7, "object_id": 40, "text": "<p>\u554a\u554a\u554a\u554a\u554a\u554a\u554a\uff0c\u8981\u53bb\u4e86</p>", "date": "2019-11-07T21:09:48.595", "author": 3, "reply_to": null, "parent": null, "root": null}}, {"model": "comment.comment", "pk": 102, "fields": {"content_type": 7, "object_id": 40, "text": "<p>\u771f\u662f\u4e2asaob</p>", "date": "2019-11-07T21:10:35.695", "author": 1, "reply_to": 3, "parent": 101, "root": 101}}, {"model": "comment.comment", "pk": 103, "fields": {"content_type": 7, "object_id": 40, "text": "<p>1</p>", "date": "2019-11-07T21:21:45.283", "author": 3, "reply_to": null, "parent": null, "root": null}}, {"model": "comment.comment", "pk": 104, "fields": {"content_type": 7, "object_id": 40, "text": "<p>aa \u8349\u7a9d</p>", "date": "2019-11-07T21:24:46.403", "author": 3, "reply_to": 1, "parent": 102, "root": 101}}, {"model": "comment.comment", "pk": 105, "fields": {"content_type": 7, "object_id": 40, "text": "<p>kk</p>", "date": "2019-11-07T21:24:55.908", "author": 3, "reply_to": 3, "parent": 103, "root": 103}}, {"model": "comment.comment", "pk": 106, "fields": {"content_type": 7, "object_id": 40, "text": "<p>cha lan nide b</p>", "date": "2019-11-07T21:27:22.771", "author": 1, "reply_to": 3, "parent": 104, "root": 101}}, {"model": "comment.comment", "pk": 107, "fields": {"content_type": 7, "object_id": 41, "text": "<p>\u9886\u6263\u6709\u6b64\u9898\uff0c\u5df2\u505a\uff0c\u4f7f\u7528python collections\u91cc\u7684OrderedDict\u6570\u636e\u7ed3\u6784</p>", "date": "2019-11-15T10:58:29.638", "author": 1, "reply_to": null, "parent": null, "root": null}}, {"model": "comment.comment", "pk": 108, "fields": {"content_type": 7, "object_id": 41, "text": "<p>good</p>", "date": "2019-11-18T16:54:46.099", "author": 1, "reply_to": 1, "parent": 107, "root": 107}}, {"model": "comment.comment", "pk": 109, "fields": {"content_type": 7, "object_id": 41, "text": "<p>good</p>", "date": "2019-11-18T16:54:52.993", "author": 1, "reply_to": 1, "parent": 107, "root": 107}}, {"model": "comment.comment", "pk": 110, "fields": {"content_type": 7, "object_id": 40, "text": "<p>12345</p>", "date": "2019-11-18T16:56:34.524", "author": 1, "reply_to": 3, "parent": 105, "root": 103}}, {"model": "comment.comment", "pk": 111, "fields": {"content_type": 7, "object_id": 40, "text": "<p>\u8bc4\u8bba\u53d1\u9001\u90ae\u4ef6\u6d4b\u8bd5</p>", "date": "2019-11-20T16:06:34.074", "author": 1, "reply_to": 1, "parent": 110, "root": 103}}, {"model": "comment.comment", "pk": 112, "fields": {"content_type": 7, "object_id": 40, "text": "<p>\u56de\u590d\u535a\u5ba2\u90ae\u4ef6\u6d4b\u8bd5</p>", "date": "2019-11-20T16:09:37.277", "author": 1, "reply_to": null, "parent": null, "root": null}}, {"model": "comment.comment", "pk": 113, "fields": {"content_type": 7, "object_id": 40, "text": "<p>\u6d4b\u8bd51</p>", "date": "2019-11-20T16:35:00.100", "author": 1, "reply_to": null, "parent": null, "root": null}}, {"model": "comment.comment", "pk": 114, "fields": {"content_type": 7, "object_id": 40, "text": "<p>\u6d4b\u8bd51</p>", "date": "2019-11-20T16:35:24.025", "author": 1, "reply_to": null, "parent": null, "root": null}}, {"model": "comment.comment", "pk": 115, "fields": {"content_type": 7, "object_id": 40, "text": "<p>\u6d4b\u8bd52</p>", "date": "2019-11-20T16:36:12.570", "author": 1, "reply_to": 1, "parent": 113, "root": 113}}, {"model": "comment.comment", "pk": 116, "fields": {"content_type": 7, "object_id": 40, "text": "<p>1</p>", "date": "2019-11-20T16:56:52.588", "author": 1, "reply_to": null, "parent": null, "root": null}}, {"model": "comment.comment", "pk": 117, "fields": {"content_type": 7, "object_id": 40, "text": "<p>234</p>", "date": "2019-11-20T16:57:04.244", "author": 1, "reply_to": 1, "parent": 116, "root": 116}}, {"model": "comment.comment", "pk": 118, "fields": {"content_type": 7, "object_id": 40, "text": "<p>123</p>", "date": "2019-11-20T16:58:22.116", "author": 1, "reply_to": null, "parent": null, "root": null}}, {"model": "comment.comment", "pk": 119, "fields": {"content_type": 7, "object_id": 40, "text": "<p>123</p>", "date": "2019-11-20T16:58:49.988", "author": 1, "reply_to": null, "parent": null, "root": null}}, {"model": "comment.comment", "pk": 120, "fields": {"content_type": 7, "object_id": 40, "text": "<p>123</p>", "date": "2019-11-20T16:59:09.080", "author": 1, "reply_to": null, "parent": null, "root": null}}, {"model": "comment.comment", "pk": 121, "fields": {"content_type": 7, "object_id": 40, "text": "<p>123</p>", "date": "2019-11-20T17:00:07.299", "author": 1, "reply_to": null, "parent": null, "root": null}}, {"model": "comment.comment", "pk": 122, "fields": {"content_type": 7, "object_id": 40, "text": "<p>123</p>", "date": "2019-11-20T17:00:55.149", "author": 1, "reply_to": null, "parent": null, "root": null}}, {"model": "comment.comment", "pk": 123, "fields": {"content_type": 7, "object_id": 40, "text": "<p>234</p>", "date": "2019-11-20T17:01:28.600", "author": 1, "reply_to": 1, "parent": 122, "root": 122}}, {"model": "comment.comment", "pk": 124, "fields": {"content_type": 7, "object_id": 40, "text": "<p>kkk</p>", "date": "2019-11-20T17:16:54.801", "author": 1, "reply_to": null, "parent": null, "root": null}}, {"model": "comment.comment", "pk": 125, "fields": {"content_type": 7, "object_id": 40, "text": "<p>32</p>", "date": "2019-11-20T17:23:38.722", "author": 1, "reply_to": 1, "parent": 122, "root": 122}}, {"model": "comment.comment", "pk": 126, "fields": {"content_type": 7, "object_id": 40, "text": "<p>32</p>", "date": "2019-11-20T17:23:43.068", "author": 1, "reply_to": 1, "parent": 124, "root": 124}}, {"model": "comment.comment", "pk": 127, "fields": {"content_type": 7, "object_id": 40, "text": "<p>wer</p>", "date": "2019-11-20T17:25:03.725", "author": 1, "reply_to": null, "parent": null, "root": null}}, {"model": "comment.comment", "pk": 128, "fields": {"content_type": 7, "object_id": 40, "text": "<p>33</p>", "date": "2019-11-20T17:28:29.281", "author": 1, "reply_to": null, "parent": null, "root": null}}, {"model": "comment.comment", "pk": 129, "fields": {"content_type": 7, "object_id": 40, "text": "<p>jj</p>", "date": "2019-11-20T17:30:41.017", "author": 1, "reply_to": null, "parent": null, "root": null}}, {"model": "comment.comment", "pk": 130, "fields": {"content_type": 7, "object_id": 40, "text": "<p>kk</p>", "date": "2019-11-20T17:31:57.300", "author": 1, "reply_to": null, "parent": null, "root": null}}, {"model": "comment.comment", "pk": 131, "fields": {"content_type": 7, "object_id": 40, "text": "<p>kk</p>", "date": "2019-11-20T17:32:01.346", "author": 1, "reply_to": 1, "parent": 130, "root": 130}}, {"model": "comment.comment", "pk": 132, "fields": {"content_type": 7, "object_id": 40, "text": "<p>kk</p>", "date": "2019-11-20T17:32:05.230", "author": 1, "reply_to": 1, "parent": 131, "root": 130}}, {"model": "comment.comment", "pk": 133, "fields": {"content_type": 7, "object_id": 40, "text": "<p>test</p>", "date": "2019-11-20T18:16:43.192", "author": 1, "reply_to": null, "parent": null, "root": null}}, {"model": "comment.comment", "pk": 134, "fields": {"content_type": 7, "object_id": 40, "text": "<p>123</p>", "date": "2019-11-20T21:23:40.136", "author": 1, "reply_to": null, "parent": null, "root": null}}, {"model": "comment.comment", "pk": 135, "fields": {"content_type": 7, "object_id": 40, "text": "<p>234</p>", "date": "2019-11-20T21:24:17.306", "author": 1, "reply_to": null, "parent": null, "root": null}}, {"model": "comment.comment", "pk": 136, "fields": {"content_type": 7, "object_id": 40, "text": "<p>test</p>", "date": "2019-11-20T21:24:46.581", "author": 1, "reply_to": null, "parent": null, "root": null}}, {"model": "comment.comment", "pk": 137, "fields": {"content_type": 7, "object_id": 40, "text": "<p>cess</p>", "date": "2019-11-22T10:59:37.618", "author": 1, "reply_to": null, "parent": null, "root": null}}, {"model": "comment.comment", "pk": 138, "fields": {"content_type": 7, "object_id": 40, "text": "<p>cess</p>", "date": "2019-11-22T11:00:11.252", "author": 1, "reply_to": null, "parent": null, "root": null}}, {"model": "comment.comment", "pk": 139, "fields": {"content_type": 7, "object_id": 40, "text": "<p>cess</p>", "date": "2019-11-22T11:02:40.181", "author": 1, "reply_to": null, "parent": null, "root": null}}, {"model": "comment.comment", "pk": 140, "fields": {"content_type": 7, "object_id": 40, "text": "<p>cess</p>", "date": "2019-11-22T11:04:41.024", "author": 1, "reply_to": null, "parent": null, "root": null}}, {"model": "comment.comment", "pk": 141, "fields": {"content_type": 7, "object_id": 40, "text": "<p>cess</p>", "date": "2019-11-22T11:05:53.693", "author": 1, "reply_to": null, "parent": null, "root": null}}, {"model": "comment.comment", "pk": 142, "fields": {"content_type": 7, "object_id": 40, "text": "<p>cessss</p>", "date": "2019-11-22T11:06:59.152", "author": 1, "reply_to": null, "parent": null, "root": null}}, {"model": "likes.likerecord", "pk": 21, "fields": {"user": 1, "like_time": "2019-11-04T20:46:27.135", "content_type": 12, "object_id": 68}}, {"model": "likes.likerecord", "pk": 22, "fields": {"user": 1, "like_time": "2019-11-04T20:46:34.739", "content_type": 12, "object_id": 98}}, {"model": "likes.likerecord", "pk": 24, "fields": {"user": 2, "like_time": "2019-11-06T11:03:21.454", "content_type": 7, "object_id": 40}}, {"model": "likes.likerecord", "pk": 30, "fields": {"user": 3, "like_time": "2019-11-07T21:21:50.242", "content_type": 12, "object_id": 102}}, {"model": "likes.likerecord", "pk": 32, "fields": {"user": 3, "like_time": "2019-11-07T21:23:02.110", "content_type": 12, "object_id": 101}}, {"model": "likes.likerecord", "pk": 33, "fields": {"user": 3, "like_time": "2019-11-07T21:25:16.872", "content_type": 7, "object_id": 40}}, {"model": "likes.likerecord", "pk": 34, "fields": {"user": 1, "like_time": "2019-11-15T10:58:36.193", "content_type": 12, "object_id": 107}}, {"model": "likes.likerecord", "pk": 36, "fields": {"user": 1, "like_time": "2019-11-17T19:47:42.404", "content_type": 7, "object_id": 41}}, {"model": "user.profile", "pk": 1, "fields": {"user": 1, "nickname": "kkk"}}, {"model": "user.profile", "pk": 2, "fields": {"user": 3, "nickname": "sb"}}, {"model": "user.userconfig", "pk": 1, "fields": {"user": 1, "is_email_active": false}}, {"model": "admin.logentry", "pk": 1, "fields": {"action_time": "2019-09-30T03:59:32.022", "user": 1, "content_type": 8, "object_id": "1", "object_repr": "Django", "action_flag": 1, "change_message": "[{\"added\": {}}]"}}, {"model": "admin.logentry", "pk": 2, "fields": {"action_time": "2019-09-30T03:59:41.413", "user": 1, "content_type": 8, "object_id": "2", "object_repr": "\u968f\u7b14", "action_flag": 1, "change_message": "[{\"added\": {}}]"}}, {"model": "admin.logentry", "pk": 3, "fields": {"action_time": "2019-09-30T03:59:45.382", "user": 1, "content_type": 8, "object_id": "3", "object_repr": "\u611f\u609f", "action_flag": 1, "change_message": "[{\"added\": {}}]"}}, {"model": "admin.logentry", "pk": 4, "fields": {"action_time": "2019-09-30T04:00:08.629", "user": 1, "content_type": 7, "object_id": "1", "object_repr": "<Blog:\u7b2c\u4e00\u7bc7\u535a\u5ba2>", "action_flag": 1, "change_message": "[{\"added\": {}}]"}}, {"model": "admin.logentry", "pk": 5, "fields": {"action_time": "2019-10-02T18:43:27.931", "user": 1, "content_type": 7, "object_id": "1", "object_repr": "<Blog:\u7b2c\u4e00\u7bc7\u535a\u5ba2>", "action_flag": 2, "change_message": "[{\"changed\": {\"fields\": [\"content\"]}}]"}}, {"model": "admin.logentry", "pk": 6, "fields": {"action_time": "2019-10-02T18:43:53.679", "user": 1, "content_type": 7, "object_id": "1", "object_repr": "<Blog:\u7b2c\u4e00\u7bc7\u535a\u5ba2>", "action_flag": 3, "change_message": ""}}, {"model": "admin.logentry", "pk": 7, "fields": {"action_time": "2019-10-02T18:45:46.379", "user": 1, "content_type": 7, "object_id": "2", "object_repr": "<Blog:blog one>", "action_flag": 1, "change_message": "[{\"added\": {}}]"}}, {"model": "admin.logentry", "pk": 8, "fields": {"action_time": "2019-10-03T14:06:08.105", "user": 1, "content_type": 7, "object_id": "3", "object_repr": "<Blog:123>", "action_flag": 1, "change_message": "[{\"added\": {}}]"}}, {"model": "admin.logentry", "pk": 9, "fields": {"action_time": "2019-10-03T14:06:15.525", "user": 1, "content_type": 7, "object_id": "4", "object_repr": "<Blog:333>", "action_flag": 1, "change_message": "[{\"added\": {}}]"}}, {"model": "admin.logentry", "pk": 10, "fields": {"action_time": "2019-10-03T14:06:22.540", "user": 1, "content_type": 7, "object_id": "5", "object_repr": "<Blog:121223>", "action_flag": 1, "change_message": "[{\"added\": {}}]"}}, {"model": "admin.logentry", "pk": 11, "fields": {"action_time": "2019-10-15T08:18:30.561", "user": 1, "content_type": 7, "object_id": "36", "object_repr": "<Blog:test2>", "action_flag": 1, "change_message": "[{\"added\": {}}]"}}, {"model": "admin.logentry", "pk": 12, "fields": {"action_time": "2019-10-15T08:19:17.745", "user": 1, "content_type": 7, "object_id": "36", "object_repr": "<Blog:test2>", "action_flag": 2, "change_message": "[{\"changed\": {\"fields\": [\"content\"]}}]"}}, {"model": "admin.logentry", "pk": 13, "fields": {"action_time": "2019-10-15T08:22:47.806", "user": 1, "content_type": 7, "object_id": "35", "object_repr": "<Blog:for 30>", "action_flag": 2, "change_message": "[]"}}, {"model": "admin.logentry", "pk": 14, "fields": {"action_time": "2019-10-15T08:22:55.736", "user": 1, "content_type": 7, "object_id": "34", "object_repr": "<Blog:for 29>", "action_flag": 2, "change_message": "[]"}}, {"model": "admin.logentry", "pk": 15, "fields": {"action_time": "2019-10-15T08:22:59.729", "user": 1, "content_type": 7, "object_id": "33", "object_repr": "<Blog:for 28>", "action_flag": 2, "change_message": "[]"}}, {"model": "admin.logentry", "pk": 16, "fields": {"action_time": "2019-10-15T08:23:00.818", "user": 1, "content_type": 7, "object_id": "33", "object_repr": "<Blog:for 28>", "action_flag": 2, "change_message": "[]"}}, {"model": "admin.logentry", "pk": 17, "fields": {"action_time": "2019-10-15T08:23:08.291", "user": 1, "content_type": 7, "object_id": "32", "object_repr": "<Blog:for 27>", "action_flag": 2, "change_message": "[]"}}, {"model": "admin.logentry", "pk": 18, "fields": {"action_time": "2019-10-15T08:23:50.056", "user": 1, "content_type": 7, "object_id": "31", "object_repr": "<Blog:for 26>", "action_flag": 2, "change_message": "[]"}}, {"model": "admin.logentry", "pk": 19, "fields": {"action_time": "2019-10-15T08:23:53.682", "user": 1, "content_type": 7, "object_id": "30", "object_repr": "<Blog:for 25>", "action_flag": 2, "change_message": "[]"}}, {"model": "admin.logentry", "pk": 20, "fields": {"action_time": "2019-10-15T08:23:56.699", "user": 1, "content_type": 7, "object_id": "29", "object_repr": "<Blog:for 24>", "action_flag": 2, "change_message": "[]"}}, {"model": "admin.logentry", "pk": 21, "fields": {"action_time": "2019-10-15T08:23:59.339", "user": 1, "content_type": 7, "object_id": "28", "object_repr": "<Blog:for 23>", "action_flag": 2, "change_message": "[]"}}, {"model": "admin.logentry", "pk": 22, "fields": {"action_time": "2019-10-15T08:24:01.931", "user": 1, "content_type": 7, "object_id": "27", "object_repr": "<Blog:for 22>", "action_flag": 2, "change_message": "[]"}}, {"model": "admin.logentry", "pk": 23, "fields": {"action_time": "2019-10-15T08:24:04.832", "user": 1, "content_type": 7, "object_id": "25", "object_repr": "<Blog:for 20>", "action_flag": 2, "change_message": "[]"}}, {"model": "admin.logentry", "pk": 24, "fields": {"action_time": "2019-10-15T08:24:07.568", "user": 1, "content_type": 7, "object_id": "26", "object_repr": "<Blog:for 21>", "action_flag": 2, "change_message": "[]"}}, {"model": "admin.logentry", "pk": 25, "fields": {"action_time": "2019-10-15T08:24:21.009", "user": 1, "content_type": 7, "object_id": "36", "object_repr": "<Blog:test2>", "action_flag": 3, "change_message": ""}}, {"model": "admin.logentry", "pk": 26, "fields": {"action_time": "2019-10-15T08:24:26.577", "user": 1, "content_type": 7, "object_id": "24", "object_repr": "<Blog:for 19>", "action_flag": 2, "change_message": "[]"}}, {"model": "admin.logentry", "pk": 27, "fields": {"action_time": "2019-10-15T08:24:30.495", "user": 1, "content_type": 7, "object_id": "23", "object_repr": "<Blog:for 18>", "action_flag": 2, "change_message": "[]"}}, {"model": "admin.logentry", "pk": 28, "fields": {"action_time": "2019-10-15T08:24:33.964", "user": 1, "content_type": 7, "object_id": "22", "object_repr": "<Blog:for 17>", "action_flag": 2, "change_message": "[]"}}, {"model": "admin.logentry", "pk": 29, "fields": {"action_time": "2019-10-15T08:24:36.738", "user": 1, "content_type": 7, "object_id": "21", "object_repr": "<Blog:for 16>", "action_flag": 2, "change_message": "[]"}}, {"model": "admin.logentry", "pk": 30, "fields": {"action_time": "2019-10-15T08:24:39.561", "user": 1, "content_type": 7, "object_id": "20", "object_repr": "<Blog:for 15>", "action_flag": 2, "change_message": "[]"}}, {"model": "admin.logentry", "pk": 31, "fields": {"action_time": "2019-10-15T08:24:42.276", "user": 1, "content_type": 7, "object_id": "19", "object_repr": "<Blog:for 14>", "action_flag": 2, "change_message": "[]"}}, {"model": "admin.logentry", "pk": 32, "fields": {"action_time": "2019-10-15T08:24:44.847", "user": 1, "content_type": 7, "object_id": "18", "object_repr": "<Blog:for 13>", "action_flag": 2, "change_message": "[]"}}, {"model": "admin.logentry", "pk": 33, "fields": {"action_time": "2019-10-15T08:25:41.123", "user": 1, "content_type": 7, "object_id": "17", "object_repr": "<Blog:for 12>", "action_flag": 2, "change_message": "[]"}}, {"model": "admin.logentry", "pk": 34, "fields": {"action_time": "2019-10-15T08:25:43.756", "user": 1, "content_type": 7, "object_id": "16", "object_repr": "<Blog:for 11>", "action_flag": 2, "change_message": "[]"}}, {"model": "admin.logentry", "pk": 35, "fields": {"action_time": "2019-10-15T08:25:46.332", "user": 1, "content_type": 7, "object_id": "15", "object_repr": "<Blog:for 10>", "action_flag": 2, "change_message": "[]"}}, {"model": "admin.logentry", "pk": 36, "fields": {"action_time": "2019-10-15T08:25:49.028", "user": 1, "content_type": 7, "object_id": "14", "object_repr": "<Blog:for 9>", "action_flag": 2, "change_message": "[]"}}, {"model": "admin.logentry", "pk": 37, "fields": {"action_time": "2019-10-15T08:25:51.901", "user": 1, "content_type": 7, "object_id": "13", "object_repr": "<Blog:for 8>", "action_flag": 2, "change_message": "[]"}}, {"model": "admin.logentry", "pk": 38, "fields": {"action_time": "2019-10-15T08:25:54.734", "user": 1, "content_type": 7, "object_id": "12", "object_repr": "<Blog:for 7>", "action_flag": 2, "change_message": "[]"}}, {"model": "admin.logentry", "pk": 39, "fields": {"action_time": "2019-10-15T08:25:57.605", "user": 1, "content_type": 7, "object_id": "11", "object_repr": "<Blog:for 6>", "action_flag": 2, "change_message": "[]"}}, {"model": "admin.logentry", "pk": 40, "fields": {"action_time": "2019-10-15T08:26:00.509", "user": 1, "content_type": 7, "object_id": "10", "object_repr": "<Blog:for 5>", "action_flag": 2, "change_message": "[]"}}, {"model": "admin.logentry", "pk": 41, "fields": {"action_time": "2019-10-15T08:26:02.898", "user": 1, "content_type": 7, "object_id": "9", "object_repr": "<Blog:for 4>", "action_flag": 2, "change_message": "[]"}}, {"model": "admin.logentry", "pk": 42, "fields": {"action_time": "2019-10-15T08:26:05.502", "user": 1, "content_type": 7, "object_id": "8", "object_repr": "<Blog:for 3>", "action_flag": 2, "change_message": "[]"}}, {"model": "admin.logentry", "pk": 43, "fields": {"action_time": "2019-10-15T08:26:09.136", "user": 1, "content_type": 7, "object_id": "7", "object_repr": "<Blog:for 2>", "action_flag": 2, "change_message": "[]"}}, {"model": "admin.logentry", "pk": 44, "fields": {"action_time": "2019-10-15T08:26:11.262", "user": 1, "content_type": 7, "object_id": "6", "object_repr": "<Blog:for 1>", "action_flag": 2, "change_message": "[]"}}, {"model": "admin.logentry", "pk": 45, "fields": {"action_time": "2019-10-15T08:26:13.477", "user": 1, "content_type": 7, "object_id": "5", "object_repr": "<Blog:121223>", "action_flag": 2, "change_message": "[]"}}, {"model": "admin.logentry", "pk": 46, "fields": {"action_time": "2019-10-15T08:26:16.361", "user": 1, "content_type": 7, "object_id": "4", "object_repr": "<Blog:333>", "action_flag": 2, "change_message": "[]"}}, {"model": "admin.logentry", "pk": 47, "fields": {"action_time": "2019-10-15T08:26:18.496", "user": 1, "content_type": 7, "object_id": "3", "object_repr": "<Blog:123>", "action_flag": 2, "change_message": "[]"}}, {"model": "admin.logentry", "pk": 48, "fields": {"action_time": "2019-10-15T08:26:20.958", "user": 1, "content_type": 7, "object_id": "2", "object_repr": "<Blog:blog one>", "action_flag": 2, "change_message": "[]"}}, {"model": "admin.logentry", "pk": 49, "fields": {"action_time": "2019-10-15T13:13:13.760", "user": 1, "content_type": 7, "object_id": "2", "object_repr": "<Blog:blog one>", "action_flag": 2, "change_message": "[{\"changed\": {\"fields\": [\"content\"]}}]"}}, {"model": "admin.logentry", "pk": 50, "fields": {"action_time": "2019-10-15T13:19:47.677", "user": 1, "content_type": 7, "object_id": "2", "object_repr": "<Blog:blog one>", "action_flag": 2, "change_message": "[{\"changed\": {\"fields\": [\"content\"]}}]"}}, {"model": "admin.logentry", "pk": 51, "fields": {"action_time": "2019-10-16T01:23:37.935", "user": 1, "content_type": 7, "object_id": "2", "object_repr": "<Blog:blog one>", "action_flag": 2, "change_message": "[{\"changed\": {\"fields\": [\"content\"]}}]"}}, {"model": "admin.logentry", "pk": 52, "fields": {"action_time": "2019-10-16T01:25:57.859", "user": 1, "content_type": 7, "object_id": "2", "object_repr": "<Blog:blog one>", "action_flag": 2, "change_message": "[{\"changed\": {\"fields\": [\"content\"]}}]"}}, {"model": "admin.logentry", "pk": 53, "fields": {"action_time": "2019-10-16T02:39:39.550", "user": 1, "content_type": 7, "object_id": "2", "object_repr": "<Blog:blog one>", "action_flag": 2, "change_message": "[{\"changed\": {\"fields\": [\"content\"]}}]"}}, {"model": "admin.logentry", "pk": 54, "fields": {"action_time": "2019-10-16T02:43:39.548", "user": 1, "content_type": 7, "object_id": "2", "object_repr": "<Blog:\u5973\u795e\u5f02\u95fb\u5f555>", "action_flag": 2, "change_message": "[{\"changed\": {\"fields\": [\"title\"]}}]"}}, {"model": "admin.logentry", "pk": 55, "fields": {"action_time": "2019-10-16T03:29:51.913", "user": 1, "content_type": 9, "object_id": "1", "object_repr": "ReadNum object (1)", "action_flag": 1, "change_message": "[{\"added\": {}}]"}}, {"model": "admin.logentry", "pk": 56, "fields": {"action_time": "2019-10-16T11:34:42.475", "user": 1, "content_type": 10, "object_id": "1", "object_repr": "ReadNum object (1)", "action_flag": 1, "change_message": "[{\"added\": {}}]"}}, {"model": "admin.logentry", "pk": 57, "fields": {"action_time": "2019-10-18T11:40:36.395", "user": 1, "content_type": 11, "object_id": "4", "object_repr": "ReadDetail object (4)", "action_flag": 1, "change_message": "[{\"added\": {}}]"}}, {"model": "admin.logentry", "pk": 58, "fields": {"action_time": "2019-10-18T11:41:02.525", "user": 1, "content_type": 10, "object_id": "6", "object_repr": "ReadNum object (6)", "action_flag": 1, "change_message": "[{\"added\": {}}]"}}, {"model": "admin.logentry", "pk": 59, "fields": {"action_time": "2019-10-19T08:42:38.263", "user": 1, "content_type": 7, "object_id": "36", "object_repr": "<Blog:\u968f\u7b14 2019.10.19>", "action_flag": 1, "change_message": "[{\"added\": {}}]"}}, {"model": "admin.logentry", "pk": 60, "fields": {"action_time": "2019-10-20T12:23:49.477", "user": 1, "content_type": 12, "object_id": "4", "object_repr": "Comment object (4)", "action_flag": 3, "change_message": ""}}, {"model": "admin.logentry", "pk": 61, "fields": {"action_time": "2019-10-20T12:23:49.480", "user": 1, "content_type": 12, "object_id": "3", "object_repr": "Comment object (3)", "action_flag": 3, "change_message": ""}}, {"model": "admin.logentry", "pk": 62, "fields": {"action_time": "2019-10-20T12:23:49.482", "user": 1, "content_type": 12, "object_id": "2", "object_repr": "Comment object (2)", "action_flag": 3, "change_message": ""}}, {"model": "admin.logentry", "pk": 63, "fields": {"action_time": "2019-10-21T02:59:13.356", "user": 1, "content_type": 7, "object_id": "37", "object_repr": "<Blog:\u6d6e\u751f\u65e5\u8bb0 2019.10.21 \u9634>", "action_flag": 1, "change_message": "[{\"added\": {}}]"}}, {"model": "admin.logentry", "pk": 64, "fields": {"action_time": "2019-10-22T11:13:27.858", "user": 1, "content_type": 7, "object_id": "38", "object_repr": "<Blog:\u6d6e\u751f\u65e5\u8bb0 2019.10.22 \u96e8>", "action_flag": 1, "change_message": "[{\"added\": {}}]"}}, {"model": "admin.logentry", "pk": 65, "fields": {"action_time": "2019-10-26T11:24:06.214", "user": 1, "content_type": 12, "object_id": "39", "object_repr": "tree222", "action_flag": 1, "change_message": "[{\"added\": {}}]"}}, {"model": "admin.logentry", "pk": 66, "fields": {"action_time": "2019-10-26T19:22:27.790", "user": 1, "content_type": 7, "object_id": "39", "object_repr": "<Blog:2019.10.26 \u96e8 \u6d6e\u751f\u65e5\u8bb0>", "action_flag": 1, "change_message": "[{\"added\": {}}]"}}, {"model": "admin.logentry", "pk": 67, "fields": {"action_time": "2019-10-28T16:24:30.521", "user": 1, "content_type": 13, "object_id": "1", "object_repr": "LikeCount object (1)", "action_flag": 2, "change_message": "[{\"changed\": {\"fields\": [\"like_num\"]}}]"}}, {"model": "admin.logentry", "pk": 68, "fields": {"action_time": "2019-10-28T16:26:28.016", "user": 1, "content_type": 13, "object_id": "5", "object_repr": "LikeCount object (5)", "action_flag": 3, "change_message": ""}}, {"model": "admin.logentry", "pk": 69, "fields": {"action_time": "2019-10-28T16:26:28.020", "user": 1, "content_type": 13, "object_id": "4", "object_repr": "LikeCount object (4)", "action_flag": 3, "change_message": ""}}, {"model": "admin.logentry", "pk": 70, "fields": {"action_time": "2019-10-28T16:26:28.024", "user": 1, "content_type": 13, "object_id": "3", "object_repr": "LikeCount object (3)", "action_flag": 3, "change_message": ""}}, {"model": "admin.logentry", "pk": 71, "fields": {"action_time": "2019-10-28T16:26:28.026", "user": 1, "content_type": 13, "object_id": "2", "object_repr": "LikeCount object (2)", "action_flag": 3, "change_message": ""}}, {"model": "admin.logentry", "pk": 72, "fields": {"action_time": "2019-10-28T16:26:28.028", "user": 1, "content_type": 13, "object_id": "1", "object_repr": "LikeCount object (1)", "action_flag": 3, "change_message": ""}}, {"model": "admin.logentry", "pk": 73, "fields": {"action_time": "2019-10-28T16:26:38.275", "user": 1, "content_type": 14, "object_id": "4", "object_repr": "LikeRecord object (4)", "action_flag": 3, "change_message": ""}}, {"model": "admin.logentry", "pk": 74, "fields": {"action_time": "2019-10-28T16:28:07.822", "user": 1, "content_type": 14, "object_id": "5", "object_repr": "LikeRecord object (5)", "action_flag": 3, "change_message": ""}}, {"model": "admin.logentry", "pk": 75, "fields": {"action_time": "2019-10-28T16:28:26.026", "user": 1, "content_type": 13, "object_id": "6", "object_repr": "LikeCount object (6)", "action_flag": 3, "change_message": ""}}, {"model": "admin.logentry", "pk": 76, "fields": {"action_time": "2019-11-04T20:48:17.673", "user": 1, "content_type": 7, "object_id": "40", "object_repr": "<Blog:2019.11.4 \u96e8 \u6d6e\u751f\u65e5\u8bb0>", "action_flag": 1, "change_message": "[{\"added\": {}}]"}}, {"model": "admin.logentry", "pk": 77, "fields": {"action_time": "2019-11-11T20:57:18.188", "user": 1, "content_type": 4, "object_id": "3", "object_repr": "hqx", "action_flag": 2, "change_message": "[{\"changed\": {\"fields\": [\"is_active\", \"last_login\"]}}]"}}, {"model": "admin.logentry", "pk": 78, "fields": {"action_time": "2019-11-13T18:40:58.317", "user": 1, "content_type": 12, "object_id": "100", "object_repr": "<p>\u6211\u60f3\u4ed6\u5e94\u8be5\u662f\u6545\u610f\u4e0d\u56de\u590d\u7684\uff0c\u5509\uff0c\u4e0d\u613f\u610f\u76f4\u63a5\u8bf4\u4e0d\u5c31\u884c\u4e86\u5417</p>", "action_flag": 3, "change_message": ""}}, {"model": "admin.logentry", "pk": 79, "fields": {"action_time": "2019-11-13T18:40:58.321", "user": 1, "content_type": 12, "object_id": "101", "object_repr": "<p>\u554a\u554a\u554a\u554a\u554a\u554a\u554a\uff0c\u8981\u53bb\u4e86</p>", "action_flag": 3, "change_message": ""}}, {"model": "admin.logentry", "pk": 80, "fields": {"action_time": "2019-11-13T18:40:58.322", "user": 1, "content_type": 12, "object_id": "102", "object_repr": "<p>\u771f\u662f\u4e2asaob</p>", "action_flag": 3, "change_message": ""}}, {"model": "admin.logentry", "pk": 81, "fields": {"action_time": "2019-11-13T18:40:58.324", "user": 1, "content_type": 12, "object_id": "103", "object_repr": "<p>1</p>", "action_flag": 3, "change_message": ""}}, {"model": "admin.logentry", "pk": 82, "fields": {"action_time": "2019-11-13T18:41:40.421", "user": 1, "content_type": 12, "object_id": "101", "object_repr": "<p>\u554a\u554a\u554a\u554a\u554a\u554a\u554a\uff0c\u8981\u53bb\u4e86</p>", "action_flag": 3, "change_message": ""}}, {"model": "admin.logentry", "pk": 83, "fields": {"action_time": "2019-11-13T18:41:40.425", "user": 1, "content_type": 12, "object_id": "102", "object_repr": "<p>\u771f\u662f\u4e2asaob</p>", "action_flag": 3, "change_message": ""}}, {"model": "admin.logentry", "pk": 84, "fields": {"action_time": "2019-11-13T18:41:40.427", "user": 1, "content_type": 12, "object_id": "103", "object_repr": "<p>1</p>", "action_flag": 3, "change_message": ""}}, {"model": "admin.logentry", "pk": 85, "fields": {"action_time": "2019-11-13T19:02:12.861", "user": 1, "content_type": 8, "object_id": "4", "object_repr": "database", "action_flag": 1, "change_message": "[{\"added\": {}}]"}}, {"model": "admin.logentry", "pk": 86, "fields": {"action_time": "2019-11-13T19:12:26.946", "user": 1, "content_type": 7, "object_id": "41", "object_repr": "<Blog:LRU\u7b97\u6cd5\u7684\u5b9e\u73b0\u548credis\u4e2d\u8be5\u7b97\u6cd5\u7684\u5b9e\u73b0>", "action_flag": 1, "change_message": "[{\"added\": {}}]"}}, {"model": "admin.logentry", "pk": 87, "fields": {"action_time": "2019-11-15T10:29:00.484", "user": 1, "content_type": 16, "object_id": "1", "object_repr": "Profile object (1)", "action_flag": 1, "change_message": "[{\"added\": {}}]"}}, {"model": "admin.logentry", "pk": 88, "fields": {"action_time": "2019-11-15T17:50:32.799", "user": 1, "content_type": 4, "object_id": "3", "object_repr": "hqx", "action_flag": 2, "change_message": "[{\"changed\": {\"fields\": [\"is_active\"]}}]"}}, {"model": "admin.logentry", "pk": 89, "fields": {"action_time": "2019-11-18T17:05:45.698", "user": 1, "content_type": 4, "object_id": "2", "object_repr": "test", "action_flag": 2, "change_message": "[{\"changed\": {\"fields\": [\"email\", \"last_login\"]}}]"}}, {"model": "admin.logentry", "pk": 90, "fields": {"action_time": "2019-11-18T17:33:37.280", "user": 1, "content_type": 4, "object_id": "1", "object_repr": "hjy", "action_flag": 2, "change_message": "[{\"changed\": {\"fields\": [\"email\", \"last_login\"]}}]"}}, {"model": "admin.logentry", "pk": 91, "fields": {"action_time": "2019-11-18T17:45:58.851", "user": 1, "content_type": 4, "object_id": "1", "object_repr": "hjy", "action_flag": 2, "change_message": "[{\"changed\": {\"fields\": [\"email\", \"last_login\"]}}]"}}, {"model": "admin.logentry", "pk": 92, "fields": {"action_time": "2019-11-18T18:18:48.559", "user": 1, "content_type": 4, "object_id": "1", "object_repr": "hjy", "action_flag": 2, "change_message": "[{\"changed\": {\"fields\": [\"email\"]}}]"}}, {"model": "admin.logentry", "pk": 93, "fields": {"action_time": "2019-11-18T18:38:25.051", "user": 1, "content_type": 4, "object_id": "4", "object_repr": "yxs", "action_flag": 2, "change_message": "[{\"changed\": {\"fields\": [\"email\", \"last_login\"]}}]"}}, {"model": "admin.logentry", "pk": 94, "fields": {"action_time": "2019-11-20T19:59:40.756", "user": 1, "content_type": 17, "object_id": "1", "object_repr": "<UserConfig:true for hjy>", "action_flag": 1, "change_message": "[{\"added\": {}}]"}}]